product_gid,legacy_resource_id,current_seo_hidden,proposed_seo_hidden,action_group,representative_title,representative_url,url_count,languages,product_types,product_type_anomaly,priority_anomaly,priority_anomaly_flags,es_mapping_status,es_inferred_main_url,rollback,all_urls
gid://shopify/Product/8554043474147,8554043474147,null,1,CANDIDATO_011B5,Muestra Abstract Curves Negro,https://www.matchwalls.com/products/muestra-abstract-curves-negro,7,es|en|fr|de|nl|it|pt,Mural|Murale|Muurschildering|Wandgemälde,yes,yes,nl_non_nl_sample_term_detected,CANDIDATO_POR_HANDLE_EXACTO,https://www.matchwalls.com/products/abstract-curves-negro,delete seo.hidden to restore null,https://www.matchwalls.com/products/muestra-abstract-curves-negro | https://www.matchwalls.com/en/products/black-curves-abstract-sample-1 | https://www.matchwalls.com/fr/products/courbes-noires-echantillon-abstrait | https://www.matchwalls.com/de/products/schwarze-kurven-abstrakte-probe | https://www.matchwalls.com/nl/products/black-curves-abstract-sample | https://www.matchwalls.com/it/products/curve-nere-campione-astratto | https://www.matchwalls.com/pt/products/curvas-pretas-amostra-abstrata
gid://shopify/Product/14835716227448,14835716227448,null,1,CANDIDATO_011B5,Muestra de Cityscape Confetti Azul,https://www.matchwalls.com/products/muestra-de-cityscape-confetti-azul,7,es|en|fr|de|nl|it|pt,Amostra|Campione|Muestra|Probe|Sample|Steekproef|Échantillon,no,yes,nl_non_nl_sample_term_detected,CANDIDATO_POR_HANDLE_EXACTO,https://www.matchwalls.com/products/cityscape-confetti-azul,delete seo.hidden to restore null,https://www.matchwalls.com/products/muestra-de-cityscape-confetti-azul | https://www.matchwalls.com/en/products/cityscape-confetti-blue-sample | https://www.matchwalls.com/fr/products/echantillon-bleu-confetti-cityscape | https://www.matchwalls.com/de/products/cityscape-confetti-blue-probe | https://www.matchwalls.com/nl/products/cityscape-confetti-blue-sample-2 | https://www.matchwalls.com/it/products/campione-blu-di-coriandoli-di-citta | https://www.matchwalls.com/pt/products/amostra-azul-de-confete-da-cidade
gid://shopify/Product/14835716456824,14835716456824,null,1,CANDIDATO_011B5,Muestra de Cityscape Confetti Beige,https://www.matchwalls.com/products/muestra-de-cityscape-confetti-beige,7,es|en|fr|de|nl|it|pt,Amostra|Campione|Muestra|Probe|Sample|Steekproef|Échantillon,no,yes,nl_non_nl_sample_term_detected,CANDIDATO_POR_HANDLE_EXACTO,https://www.matchwalls.com/products/cityscape-confetti-beige,delete seo.hidden to restore null,https://www.matchwalls.com/products/muestra-de-cityscape-confetti-beige | https://www.matchwalls.com/en/products/cityscape-confetti-beige-sample | https://www.matchwalls.com/fr/products/echantillon-beige-de-confettis-urbain | https://www.matchwalls.com/de/products/cityscape-confetti-beige-probe | https://www.matchwalls.com/nl/products/cityscape-confetti-beige-sample-1 | https://www.matchwalls.com/it/products/campione-di-coriandoli-del-paesaggio-urbano | https://www.matchwalls.com/pt/products/amostra-de-confete-bege-da-paisagem-urbana
gid://shopify/Product/14835715998072,14835715998072,null,1,CANDIDATO_011B5,Muestra de Cityscape Confetti Multicolor,https://www.matchwalls.com/products/muestra-de-cityscape-confetti-multicolor,7,es|en|fr|de|nl|it|pt,Amostra|Campione|Muestra|Probe|Sample|Steekproef|Échantillon,no,yes,nl_non_nl_sample_term_detected,CANDIDATO_POR_HANDLE_EXACTO,https://www.matchwalls.com/products/cityscape-confetti-multicolor,delete seo.hidden to restore null,https://www.matchwalls.com/products/muestra-de-cityscape-confetti-multicolor | https://www.matchwalls.com/en/products/cityscape-confetti-multicolor-sample | https://www.matchwalls.com/fr/products/echantillon-multicolore-confetti-de-paysage-urbain | https://www.matchwalls.com/de/products/multicolor-probe-von-stadtlandschaft-konfetti | https://www.matchwalls.com/nl/products/cityscape-confetti-multicolor-sample-1 | https://www.matchwalls.com/it/products/campione-multicolore-coriandolo-urbano | https://www.matchwalls.com/pt/products/amostra-multicolor-de-confete-da-cidade
gid://shopify/Product/14835716358520,14835716358520,null,1,CANDIDATO_011B5,Muestra de Cityscape Confetti Rosa,https://www.matchwalls.com/products/muestra-de-cityscape-confetti-rosa,7,es|en|fr|de|nl|it|pt,Amostra|Campione|Muestra|Probe|Sample|Steekproef|Échantillon,no,yes,nl_non_nl_sample_term_detected,CANDIDATO_POR_HANDLE_EXACTO,https://www.matchwalls.com/products/cityscape-confetti-rosa,delete seo.hidden to restore null,https://www.matchwalls.com/products/muestra-de-cityscape-confetti-rosa | https://www.matchwalls.com/en/products/cityscape-confetti-pink-sample | https://www.matchwalls.com/fr/products/echantillon-rose-de-confettis-cityscape | https://www.matchwalls.com/de/products/cityscape-confetti-pink-probe | https://www.matchwalls.com/nl/products/cityscape-confetti-pink-sample-1 | https://www.matchwalls.com/it/products/campione-rosa-coriandoli-di-citta | https://www.matchwalls.com/pt/products/amostra-rosa-de-confete-da-cidade
gid://shopify/Product/14835716555128,14835716555128,null,1,CANDIDATO_011B5,Muestra de Cityscape Confetti Verde,https://www.matchwalls.com/products/muestra-de-cityscape-confetti-verde,7,es|en|fr|de|nl|it|pt,Amostra|Campione|Muestra|Probe|Sample|Steekproef|Échantillon,no,yes,nl_non_nl_sample_term_detected,CANDIDATO_POR_HANDLE_EXACTO,https://www.matchwalls.com/products/cityscape-confetti-verde,delete seo.hidden to restore null,https://www.matchwalls.com/products/muestra-de-cityscape-confetti-verde | https://www.matchwalls.com/en/products/cityscape-confetti-green-sample | https://www.matchwalls.com/fr/products/cityscape-confetti-green-echantillon | https://www.matchwalls.com/de/products/cityscape-confetti-green-probe | https://www.matchwalls.com/nl/products/cityscape-confetti-green-sample-2 | https://www.matchwalls.com/it/products/campione-verde-coriandoli-del-paesaggio-urbano | https://www.matchwalls.com/pt/products/amostra-verde-da-paisagem-da-cidade
gid://shopify/Product/14835721503096,14835721503096,null,1,CANDIDATO_011B5,Muestra de Clásico Contemporáneo  Gris,https://www.matchwalls.com/products/muestra-de-clasico-contemporaneo-gris,7,es|en|fr|de|nl|it|pt,Amostra|Campione|Muestra|Probe|Sample|Steekproef|Échantillon,no,yes,nl_non_nl_sample_term_detected,CANDIDATO_POR_HANDLE_EXACTO,https://www.matchwalls.com/products/clasico-contemporaneo-gris,delete seo.hidden to restore null,https://www.matchwalls.com/products/muestra-de-clasico-contemporaneo-gris | https://www.matchwalls.com/en/products/gray-contemporary-classic-sample | https://www.matchwalls.com/fr/products/echantillon-classique-contemporain-gris | https://www.matchwalls.com/de/products/graue-zeitgenossische-klassische-probe | https://www.matchwalls.com/nl/products/grijs-eigentijdse-klassieke-sample | https://www.matchwalls.com/it/products/campione-classico-contemporaneo-grigio | https://www.matchwalls.com/pt/products/amostra-classica-contemporanea-cinza
gid://shopify/Product/14835721798008,14835721798008,null,1,CANDIDATO_011B5,Muestra de Clásico Contemporáneo Azul,https://www.matchwalls.com/products/muestra-de-clasico-contemporaneo-azul,7,es|en|fr|de|nl|it|pt,Amostra|Campione|Muestra|Probe|Sample|Steekproef|Échantillon,no,yes,nl_non_nl_sample_term_detected,CANDIDATO_POR_HANDLE_EXACTO,https://www.matchwalls.com/products/clasico-contemporaneo-azul,delete seo.hidden to restore null,https://www.matchwalls.com/products/muestra-de-clasico-contemporaneo-azul | https://www.matchwalls.com/en/products/blue-contemporary-classic-sample | https://www.matchwalls.com/fr/products/echantillon-classique-contemporain-bleu | https://www.matchwalls.com/de/products/blue-contemporary-classic-probe | https://www.matchwalls.com/nl/products/blauw-eigentijdse-klassieke-sample | https://www.matchwalls.com/it/products/campione-classico-blu-contemporaneo | https://www.matchwalls.com/pt/products/amostra-classica-contemporanea-azul
gid://shopify/Product/14835721961848,14835721961848,null,1,CANDIDATO_011B5,Muestra de Clásico Contemporáneo Beige,https://www.matchwalls.com/products/muestra-de-clasico-contemporaneo-beige,7,es|en|fr|de|nl|it|pt,Amostra|Campione|Muestra|Probe|Sample|Steekproef|Échantillon,no,yes,nl_non_nl_sample_term_detected,CANDIDATO_POR_HANDLE_EXACTO,https://www.matchwalls.com/products/clasico-contemporaneo-beige,delete seo.hidden to restore null,https://www.matchwalls.com/products/muestra-de-clasico-contemporaneo-beige | https://www.matchwalls.com/en/products/beige-contemporary-classic-sample | https://www.matchwalls.com/fr/products/echantillon-classique-contemporain-beige | https://www.matchwalls.com/de/products/beige-zeitgenossische-klassische-probe | https://www.matchwalls.com/nl/products/beige-hedendaagse-klassieke-sample | https://www.matchwalls.com/it/products/campione-classico-contemporaneo-beige | https://www.matchwalls.com/pt/products/amostra-classica-contemporanea-bege
gid://shopify/Product/14835721699704,14835721699704,null,1,CANDIDATO_011B5,Muestra de Clásico Contemporáneo Rosa,https://www.matchwalls.com/products/muestra-de-clasico-contemporaneo-rosa,7,es|en|fr|de|nl|it|pt,Amostra|Campione|Muestra|Probe|Sample|Steekproef|Échantillon,no,yes,nl_non_nl_sample_term_detected,CANDIDATO_POR_HANDLE_EXACTO,https://www.matchwalls.com/products/clasico-contemporaneo-rosa,delete seo.hidden to restore null,https://www.matchwalls.com/products/muestra-de-clasico-contemporaneo-rosa | https://www.matchwalls.com/en/products/rose-contemporary-classic-sample | https://www.matchwalls.com/fr/products/echantillon-classique-contemporain-rose | https://www.matchwalls.com/de/products/rose-contemporary-classic-probe | https://www.matchwalls.com/nl/products/rose-contemporary-classic-sample-1 | https://www.matchwalls.com/it/products/campione-classico-contemporaneo-di-rose | https://www.matchwalls.com/pt/products/amostra-classica-contemporanea-rosa
gid://shopify/Product/14835721601400,14835721601400,null,1,CANDIDATO_011B5,Muestra de Clásico Contemporáneo Verde,https://www.matchwalls.com/products/muestra-de-clasico-contemporaneo-verde,7,es|en|fr|de|nl|it|pt,Amostra|Campione|Muestra|Probe|Sample|Steekproef|Échantillon,no,yes,nl_non_nl_sample_term_detected,CANDIDATO_POR_HANDLE_EXACTO,https://www.matchwalls.com/products/clasico-contemporaneo-verde,delete seo.hidden to restore null,https://www.matchwalls.com/products/muestra-de-clasico-contemporaneo-verde | https://www.matchwalls.com/en/products/green-contemporary-classic-sample | https://www.matchwalls.com/fr/products/echantillon-classique-contemporain-vert | https://www.matchwalls.com/de/products/grune-zeitgenossische-klassische-probe | https://www.matchwalls.com/nl/products/groene-eigentijdse-klassieke-sample | https://www.matchwalls.com/it/products/campione-classico-contemporaneo-verde | https://www.matchwalls.com/pt/products/amostra-classica-contemporanea-verde
gid://shopify/Product/14835718095224,14835718095224,null,1,CANDIDATO_011B5,Muestra de Cosmic Dance Azul,https://www.matchwalls.com/products/muestra-de-cosmic-dance-azul,7,es|en|fr|de|nl|it|pt,Amostra|Campione|Muestra|Probe|Sample|Steekproef|Échantillon,no,yes,nl_non_nl_sample_term_detected,CANDIDATO_POR_HANDLE_EXACTO,https://www.matchwalls.com/products/cosmic-dance-azul,delete seo.hidden to restore null,https://www.matchwalls.com/products/muestra-de-cosmic-dance-azul | https://www.matchwalls.com/en/products/blue-cosmic-dance-sample | https://www.matchwalls.com/fr/products/echantillon-de-danse-cosmique-bleue | https://www.matchwalls.com/de/products/blaue-kosmische-tanzprobe | https://www.matchwalls.com/nl/products/blue-cosmic-dance-sample-1 | https://www.matchwalls.com/it/products/campione-di-danza-cosmica-blu | https://www.matchwalls.com/pt/products/amostra-de-danca-cosmica-azul
gid://shopify/Product/14835720946040,14835720946040,null,1,CANDIDATO_011B5,Muestra de Cuadrícula Clásica  Azul,https://www.matchwalls.com/products/muestra-de-cuadricula-clasica-azul,7,es|en|fr|de|nl|it|pt,Amostra|Campione|Muestra|Probe|Sample|Steekproef|Échantillon,no,yes,nl_non_nl_sample_term_detected,CANDIDATO_POR_HANDLE_EXACTO,https://www.matchwalls.com/products/cuadricula-clasica-azul,delete seo.hidden to restore null,https://www.matchwalls.com/products/muestra-de-cuadricula-clasica-azul | https://www.matchwalls.com/en/products/blue-classic-grid-sample | https://www.matchwalls.com/fr/products/echantillon-de-grille-classique-bleu | https://www.matchwalls.com/de/products/blue-classic-grid-probe | https://www.matchwalls.com/nl/products/blue-classic-grid-sample-1 | https://www.matchwalls.com/it/products/campione-blu-classico-della-griglia | https://www.matchwalls.com/pt/products/amostra-de-grade-classica-azul
gid://shopify/Product/14835721306488,14835721306488,1,sin cambio,YA_CORREGIDO_EN_011B4,Muestra de Cuadrícula Clásica  Gris,https://www.matchwalls.com/products/muestra-de-cuadricula-clasica-gris,6,es|en|fr|de|it|pt,Amostra|Campione|Muestra|Probe|Sample|Échantillon,no,no,,CANDIDATO_POR_HANDLE_EXACTO,https://www.matchwalls.com/products/cuadricula-clasica-gris,already hidden; rollback available from 011B4 if needed,https://www.matchwalls.com/products/muestra-de-cuadricula-clasica-gris | https://www.matchwalls.com/en/products/gray-classic-grid-sample | https://www.matchwalls.com/fr/products/echantillon-de-grille-classique-gris | https://www.matchwalls.com/de/products/grey-classic-grid-probe | https://www.matchwalls.com/it/products/campione-di-griglia-classica-grigia | https://www.matchwalls.com/pt/products/amostra-de-grade-classica-cinza
gid://shopify/Product/14835721109880,14835721109880,null,1,CANDIDATO_011B5,Muestra de Cuadrícula Clásica  Rosa,https://www.matchwalls.com/products/muestra-de-cuadricula-clasica-rosa,7,es|en|fr|de|nl|it|pt,Amostra|Campione|Muestra|Probe|Sample|Steekproef|Échantillon,no,yes,nl_non_nl_sample_term_detected,CANDIDATO_POR_HANDLE_EXACTO,https://www.matchwalls.com/products/cuadricula-clasica-rosa,delete seo.hidden to restore null,https://www.matchwalls.com/products/muestra-de-cuadricula-clasica-rosa | https://www.matchwalls.com/en/products/rose-classic-grid-sample-1 | https://www.matchwalls.com/fr/products/echantillon-de-grille-classique-rose | https://www.matchwalls.com/de/products/rose-classic-grid-probe | https://www.matchwalls.com/nl/products/rose-classic-grid-sample | https://www.matchwalls.com/it/products/campione-di-griglia-classica-rosa | https://www.matchwalls.com/pt/products/amostra-de-grade-classica-rosa
gid://shopify/Product/14835721175416,14835721175416,1,sin cambio,YA_CORREGIDO_EN_011B4,Muestra de Cuadrícula Clásica  Verde,https://www.matchwalls.com/products/muestra-de-cuadricula-clasica-verde,6,es|en|fr|de|it|pt,Amostra|Campione|Muestra|Probe|Sample|Échantillon,no,no,,CANDIDATO_POR_HANDLE_EXACTO,https://www.matchwalls.com/products/cuadricula-clasica-verde,already hidden; rollback available from 011B4 if needed,https://www.matchwalls.com/products/muestra-de-cuadricula-clasica-verde | https://www.matchwalls.com/en/products/green-classic-grid-sample | https://www.matchwalls.com/fr/products/echantillon-de-grille-classique-vert | https://www.matchwalls.com/de/products/green-classic-grid-probe | https://www.matchwalls.com/it/products/campione-di-griglia-classica-verde | https://www.matchwalls.com/pt/products/amostra-de-grade-classica-verde
gid://shopify/Product/14835721372024,14835721372024,1,sin cambio,YA_CORREGIDO_EN_011B4,Muestra de Cuadrícula Clásica Blanco y negro,https://www.matchwalls.com/products/muestra-de-cuadricula-clasica-blanco-y-negro,6,es|en|fr|de|it|pt,Amostra|Campione|Muestra|Probe|Sample|Échantillon,no,no,,CANDIDATO_POR_HANDLE_EXACTO,https://www.matchwalls.com/products/cuadricula-clasica-blanco-y-negro,already hidden; rollback available from 011B4 if needed,https://www.matchwalls.com/products/muestra-de-cuadricula-clasica-blanco-y-negro | https://www.matchwalls.com/en/products/black-and-white-classic-grid-sample | https://www.matchwalls.com/fr/products/echantillon-de-grille-classique-noir-et-blanc | https://www.matchwalls.com/de/products/schwarz-weiss-klassiker-grid-probe | https://www.matchwalls.com/it/products/campione-di-griglia-classica-in-bianco-e-nero | https://www.matchwalls.com/pt/products/amostra-de-grade-classica-em-preto-e-branco
gid://shopify/Product/14835719569784,14835719569784,null,1,CANDIDATO_011B5,Muestra de Damas Clásicas Azul,https://www.matchwalls.com/products/muestra-de-damas-clasicas-azul,7,es|en|fr|de|nl|it|pt,Amostra|Campione|Muestra|Probe|Sample|Steekproef|Échantillon,no,yes,nl_non_nl_sample_term_detected,CANDIDATO_POR_HANDLE_EXACTO,https://www.matchwalls.com/products/damas-clasicas-azul,delete seo.hidden to restore null,https://www.matchwalls.com/products/muestra-de-damas-clasicas-azul | https://www.matchwalls.com/en/products/blue-classic-ladies-sample | https://www.matchwalls.com/fr/products/echantillon-de-dames-classiques-bleues | https://www.matchwalls.com/de/products/blue-classic-ladies-probe | https://www.matchwalls.com/nl/products/blue-classic-ladies-sample-2 | https://www.matchwalls.com/it/products/campione-blu-classico-da-donna | https://www.matchwalls.com/pt/products/amostra-de-mulheres-classicas-azuis
gid://shopify/Product/14835719471480,14835719471480,null,1,CANDIDATO_011B5,Muestra de Damas Clásicas Beige,https://www.matchwalls.com/products/muestra-de-damas-clasicas-beige,7,es|en|fr|de|nl|it|pt,Amostra|Campione|Muestra|Probe|Sample|Steekproef|Échantillon,no,yes,nl_non_nl_sample_term_detected,CANDIDATO_POR_HANDLE_EXACTO,https://www.matchwalls.com/products/damas-clasicas-beige,delete seo.hidden to restore null,https://www.matchwalls.com/products/muestra-de-damas-clasicas-beige | https://www.matchwalls.com/en/products/beige-classic-ladies-sample | https://www.matchwalls.com/fr/products/echantillon-de-dames-classiques-beige | https://www.matchwalls.com/de/products/beige-classic-ladies-probe | https://www.matchwalls.com/nl/products/beige-classic-ladies-sample-1 | https://www.matchwalls.com/it/products/campione-di-donne-classiche-beige | https://www.matchwalls.com/pt/products/amostra-de-senhoras-bege-classicas
gid://shopify/Product/14835719176568,14835719176568,1,sin cambio,YA_CORREGIDO_EN_011B4,Muestra de Damas Clásicas Gris,https://www.matchwalls.com/products/muestra-de-damas-clasicas-gris,6,es|en|fr|de|it|pt,Amostra|Campione|Muestra|Probe|Sample|Échantillon,no,no,,CANDIDATO_POR_HANDLE_EXACTO,https://www.matchwalls.com/products/damas-clasicas-gris,already hidden; rollback available from 011B4 if needed,https://www.matchwalls.com/products/muestra-de-damas-clasicas-gris | https://www.matchwalls.com/en/products/gray-classic-ladies-sample | https://www.matchwalls.com/fr/products/echantillon-de-dames-classiques-gris | https://www.matchwalls.com/de/products/grey-classic-ladies-probe | https://www.matchwalls.com/it/products/grey-classic-ladies-sample | https://www.matchwalls.com/pt/products/amostra-cinza-classica-feminina
gid://shopify/Product/14835719668088,14835719668088,null,1,CANDIDATO_011B5,Muestra de Damas Clásicas Lila,https://www.matchwalls.com/products/muestra-de-damas-clasicas-lila,7,es|en|fr|de|nl|it|pt,Amostra|Campione|Muestra|Probe|Sample|Steekproef|Échantillon,no,yes,nl_non_nl_sample_term_detected,CANDIDATO_POR_HANDLE_EXACTO,https://www.matchwalls.com/products/damas-clasicas-lila,delete seo.hidden to restore null,https://www.matchwalls.com/products/muestra-de-damas-clasicas-lila | https://www.matchwalls.com/en/products/lilac-classic-ladies-sample | https://www.matchwalls.com/fr/products/echantillon-de-dames-classiques-lilas | https://www.matchwalls.com/de/products/lilac-classic-ladies-probe | https://www.matchwalls.com/nl/products/lilac-classic-ladies-sample-2 | https://www.matchwalls.com/it/products/campione-di-signore-classiche-lilla | https://www.matchwalls.com/pt/products/amostra-de-senhoras-classicas-lilac
gid://shopify/Product/14835719307640,14835719307640,1,sin cambio,YA_CORREGIDO_EN_011B4,Muestra de Damas Clásicas Verde,https://www.matchwalls.com/products/muestra-de-damas-clasicas-verde,6,es|en|fr|de|it|pt,Amostra|Campione|Muestra|Probe|Sample|Échantillon,no,no,,CANDIDATO_POR_HANDLE_EXACTO,https://www.matchwalls.com/products/damas-clasicas-verde,already hidden; rollback available from 011B4 if needed,https://www.matchwalls.com/products/muestra-de-damas-clasicas-verde | https://www.matchwalls.com/en/products/green-classic-ladies-sample | https://www.matchwalls.com/fr/products/echantillon-de-dames-classiques-vertes | https://www.matchwalls.com/de/products/green-classic-ladies-probe | https://www.matchwalls.com/it/products/green-classic-ladies-sample-2 | https://www.matchwalls.com/pt/products/amostra-verde-classica-de-senhoras
gid://shopify/Product/14835714818424,14835714818424,null,1,CANDIDATO_011B5,Muestra de Floral Symphony Multicolor,https://www.matchwalls.com/products/muestra-de-floral-symphony-multicolor,7,es|en|fr|de|nl|it|pt,Amostra|Campione|Muestra|Probe|Sample|Steekproef|Échantillon,no,yes,nl_non_nl_sample_term_detected,CANDIDATO_POR_HANDLE_EXACTO,https://www.matchwalls.com/products/floral-symphony-multicolor,delete seo.hidden to restore null,https://www.matchwalls.com/products/muestra-de-floral-symphony-multicolor | https://www.matchwalls.com/en/products/floral-symphony-multicolor-sample | https://www.matchwalls.com/fr/products/echantillon-multicolore-a-symphonie-florale | https://www.matchwalls.com/de/products/floral-symphony-multicolor-probe | https://www.matchwalls.com/nl/products/bloemen-symphony-multicolor-sample | https://www.matchwalls.com/it/products/campione-multicolore-sinfonico-floreale | https://www.matchwalls.com/pt/products/amostra-de-multicolor-sinfonia-floral
gid://shopify/Product/14858207789432,14858207789432,1,sin cambio,YA_CORREGIDO_EN_011B4,Muestra de Forest Study Retreat,https://www.matchwalls.com/products/muestra-de-forest-study-retreat,7,es|en|fr|de|nl|it|pt,Amostra|Campione|Muestra|Probe|Sample|Steekproef|Échantillon,no,no,,CANDIDATO_POR_HANDLE_EXACTO,https://www.matchwalls.com/products/forest-study-retreat,already hidden; rollback available from 011B4 if needed,https://www.matchwalls.com/products/muestra-de-forest-study-retreat | https://www.matchwalls.com/en/products/forest-study-recoto-sample | https://www.matchwalls.com/fr/products/echantillon-de-recoto-de-letude-forestiere | https://www.matchwalls.com/de/products/waldstudie-recoto-probe | https://www.matchwalls.com/nl/products/bosstudie-recoto-steekproef | https://www.matchwalls.com/it/products/studio-forestale-campione-recoto | https://www.matchwalls.com/pt/products/estudo-florestal-amostra-reconhecida
gid://shopify/Product/14835717210488,14835717210488,1,sin cambio,YA_CORREGIDO_EN_011B4,Muestra de Golden Woodland Amarillo,https://www.matchwalls.com/products/muestra-de-golden-woodland-amarillo,6,es|en|fr|de|it|pt,Amostra|Campione|Muestra|Probe|Sample|Échantillon,no,no,,CANDIDATO_POR_HANDLE_EXACTO,https://www.matchwalls.com/products/golden-woodland-amarillo,already hidden; rollback available from 011B4 if needed,https://www.matchwalls.com/products/muestra-de-golden-woodland-amarillo | https://www.matchwalls.com/en/products/golden-woodland-sample-yellow | https://www.matchwalls.com/fr/products/echantillon-de-bois-dore-jaune | https://www.matchwalls.com/de/products/golden-waldprobe-gelb | https://www.matchwalls.com/it/products/campione-di-boschi-doro-giallo | https://www.matchwalls.com/pt/products/amostra-de-floresta-dourada-amarela
gid://shopify/Product/14835717341560,14835717341560,1,sin cambio,YA_CORREGIDO_EN_011B4,Muestra de Golden Woodland Lila,https://www.matchwalls.com/products/muestra-de-golden-woodland-lila,6,es|en|fr|de|it|pt,Amostra|Campione|Muestra|Probe|Sample|Échantillon,no,no,,CANDIDATO_POR_HANDLE_EXACTO,https://www.matchwalls.com/products/golden-woodland-lila,already hidden; rollback available from 011B4 if needed,https://www.matchwalls.com/products/muestra-de-golden-woodland-lila | https://www.matchwalls.com/en/products/golden-woodland-lila-sample | https://www.matchwalls.com/fr/products/echantillon-de-lila-en-bois-dore | https://www.matchwalls.com/de/products/golden-waldlila-probe | https://www.matchwalls.com/it/products/golden-woodland-lila-campione | https://www.matchwalls.com/pt/products/amostra-de-lila-de-floresta-dourada
gid://shopify/Product/14835717079416,14835717079416,1,sin cambio,YA_CORREGIDO_EN_011B4,Muestra de Golden Woodland Marrón,https://www.matchwalls.com/products/muestra-de-golden-woodland-marron,6,es|en|fr|de|it|pt,Amostra|Campione|Muestra|Probe|Sample|Échantillon,no,no,,CANDIDATO_POR_HANDLE_EXACTO,https://www.matchwalls.com/products/golden-woodland-marron,already hidden; rollback available from 011B4 if needed,https://www.matchwalls.com/products/muestra-de-golden-woodland-marron | https://www.matchwalls.com/en/products/golden-woodland-brown-sample | https://www.matchwalls.com/fr/products/echantillon-brun-boise-dore | https://www.matchwalls.com/de/products/golden-woodland-braune-probe | https://www.matchwalls.com/it/products/campione-marrone-boschivo-dorato | https://www.matchwalls.com/pt/products/amostra-marrom-da-floresta-dourada
gid://shopify/Product/14835717276024,14835717276024,null,1,CANDIDATO_011B5,Muestra de Golden Woodland Rosa,https://www.matchwalls.com/products/muestra-de-golden-woodland-rosa,7,es|en|fr|de|nl|it|pt,Amostra|Campione|Muestra|Probe|Sample|Steekproef|Échantillon,no,yes,nl_non_nl_sample_term_detected,CANDIDATO_POR_HANDLE_EXACTO,https://www.matchwalls.com/products/golden-woodland-rosa,delete seo.hidden to restore null,https://www.matchwalls.com/products/muestra-de-golden-woodland-rosa | https://www.matchwalls.com/en/products/golden-woodland-rose-sample-1 | https://www.matchwalls.com/fr/products/echantillon-de-rose-des-bois-dores | https://www.matchwalls.com/de/products/goldene-waldrosenprobe | https://www.matchwalls.com/nl/products/gouden-woodland-rose-sample | https://www.matchwalls.com/it/products/campione-di-rose-boschive-dorate | https://www.matchwalls.com/pt/products/amostra-de-rosa-de-floresta-dourada
gid://shopify/Product/14835717243256,14835717243256,null,1,CANDIDATO_011B5,Muestra de Golden Woodland Verde,https://www.matchwalls.com/products/muestra-de-golden-woodland-verde,7,es|en|fr|de|nl|it|pt,Amostra|Campione|Muestra|Probe|Sample|Steekproef|Échantillon,no,yes,nl_non_nl_sample_term_detected,CANDIDATO_POR_HANDLE_EXACTO,https://www.matchwalls.com/products/golden-woodland-verde,delete seo.hidden to restore null,https://www.matchwalls.com/products/muestra-de-golden-woodland-verde | https://www.matchwalls.com/en/products/golden-woodland-golden-sample | https://www.matchwalls.com/fr/products/echantillon-dor-des-bois-dores | https://www.matchwalls.com/de/products/goldene-waldgoldene-probe | https://www.matchwalls.com/nl/products/gouden-woodland-golden-sample | https://www.matchwalls.com/it/products/golden-woodland-golden-sample-2 | https://www.matchwalls.com/pt/products/amostra-dourada-da-floresta-dourada
gid://shopify/Product/14858207756664,14858207756664,null,1,CANDIDATO_011B5,Muestra de Green Meadow Dreams,https://www.matchwalls.com/products/muestra-de-green-meadow-dreams,7,es|en|fr|de|nl|it|pt,Amostra|Campione|Muestra|Probe|Sample|Steekproef|Échantillon,no,yes,nl_non_nl_sample_term_detected,CANDIDATO_POR_HANDLE_EXACTO,https://www.matchwalls.com/products/green-meadow-dreams,delete seo.hidden to restore null,https://www.matchwalls.com/products/muestra-de-green-meadow-dreams | https://www.matchwalls.com/en/products/green-meadow-dreams-sample | https://www.matchwalls.com/fr/products/echantillon-de-reves-de-prairie-verte | https://www.matchwalls.com/de/products/grune-wiesentraume-probe | https://www.matchwalls.com/nl/products/green-meadow-dreams-sample-2 | https://www.matchwalls.com/it/products/green-meadow-dreams-sample-1 | https://www.matchwalls.com/pt/products/amostra-de-sonhos-de-prado-verde
gid://shopify/Product/14858732339576,14858732339576,1,sin cambio,YA_CORREGIDO_EN_011B4,Muestra de Highland Plaid Marròn,https://www.matchwalls.com/products/muestra-de-highland-plaid-marron,6,es|en|fr|de|it|pt,Amostra|Campione|Muestra|Probe|Sample|Échantillon,no,no,,CANDIDATO_POR_HANDLE_EXACTO,https://www.matchwalls.com/products/highland-plaid-marron,already hidden; rollback available from 011B4 if needed,https://www.matchwalls.com/products/muestra-de-highland-plaid-marron | https://www.matchwalls.com/en/products/highland-plaid-marron-sample | https://www.matchwalls.com/fr/products/echantillon-de-marron-a-plaid-highland | https://www.matchwalls.com/de/products/highland-plaid-marron-probe | https://www.matchwalls.com/it/products/campione-di-marcia-marciale-dellaltopiano | https://www.matchwalls.com/pt/products/amostra-da-highland-plaid-marron
gid://shopify/Product/14858732405112,14858732405112,null,1,CANDIDATO_011B5,Muestra de Highland Plaid Rosa,https://www.matchwalls.com/products/muestra-de-highland-plaid-rosa,6,es|en|fr|de|it|pt,Amostra|Campione|Muestra|Probe|Sample|Échantillon,no,no,,CANDIDATO_POR_HANDLE_EXACTO,https://www.matchwalls.com/products/highland-plaid-rosa,delete seo.hidden to restore null,https://www.matchwalls.com/products/muestra-de-highland-plaid-rosa | https://www.matchwalls.com/en/products/highland-plaid-pink-sample | https://www.matchwalls.com/fr/products/echantillon-rose-a-carreaux-highland | https://www.matchwalls.com/de/products/highland-plaid-pink-probe | https://www.matchwalls.com/it/products/campione-rosa-a-quadri-dellaltopiano | https://www.matchwalls.com/pt/products/amostra-rosa-xadrez-das-montanhas
gid://shopify/Product/14858732372344,14858732372344,null,1,CANDIDATO_011B5,Muestra de Highland Plaid Verde,https://www.matchwalls.com/products/muestra-de-highland-plaid-verde,7,es|en|fr|de|nl|it|pt,Amostra|Campione|Muestra|Probe|Sample|Steekproef|Échantillon,no,yes,nl_non_nl_sample_term_detected,CANDIDATO_POR_HANDLE_EXACTO,https://www.matchwalls.com/products/highland-plaid-verde,delete seo.hidden to restore null,https://www.matchwalls.com/products/muestra-de-highland-plaid-verde | https://www.matchwalls.com/en/products/highland-plaid-green-sample | https://www.matchwalls.com/fr/products/echantillon-vert-a-carreaux-highland | https://www.matchwalls.com/de/products/highland-plaid-green-probe | https://www.matchwalls.com/nl/products/highland-plaid-green-sample-2 | https://www.matchwalls.com/it/products/campione-verde-a-quadri-dellaltopiano | https://www.matchwalls.com/pt/products/amostra-verde-xadrez-das-montanhas
gid://shopify/Product/14858207822200,14858207822200,null,1,CANDIDATO_011B5,Muestra de Jungle Safari Adventure,https://www.matchwalls.com/products/muestra-de-jungle-safari-adventure,7,es|en|fr|de|nl|it|pt,Amostra|Campione|Muestra|Probe|Sample|Steekproef|Échantillon,no,yes,nl_non_nl_sample_term_detected,CANDIDATO_POR_HANDLE_EXACTO,https://www.matchwalls.com/products/jungle-safari-adventure,delete seo.hidden to restore null,https://www.matchwalls.com/products/muestra-de-jungle-safari-adventure | https://www.matchwalls.com/en/products/jungle-safari-adventure-sample | https://www.matchwalls.com/fr/products/echantillon-daventure-de-safari-de-la-jungle | https://www.matchwalls.com/de/products/dschungel-safari-abenteuerprobe | https://www.matchwalls.com/nl/products/jungle-safari-adventure-sample-1 | https://www.matchwalls.com/it/products/jungle-safari-adventure-campione | https://www.matchwalls.com/pt/products/amostra-de-aventura-de-safari-na-selva
gid://shopify/Product/14835715735928,14835715735928,null,1,CANDIDATO_011B5,Muestra de Misty Blossom Azul,https://www.matchwalls.com/products/muestra-de-misty-blossom-azul,7,es|en|fr|de|nl|it|pt,Amostra|Campione|Muestra|Probe|Sample|Steekproef|Échantillon,no,yes,nl_non_nl_sample_term_detected,CANDIDATO_POR_HANDLE_EXACTO,https://www.matchwalls.com/products/misty-blossom-azul,delete seo.hidden to restore null,https://www.matchwalls.com/products/muestra-de-misty-blossom-azul | https://www.matchwalls.com/en/products/misty-blossom-blue-sample-1 | https://www.matchwalls.com/fr/products/echantillon-bleu-de-fleur-brumeux | https://www.matchwalls.com/de/products/neblige-blute-blaue-probe | https://www.matchwalls.com/nl/products/misty-blossom-blue-sample-3 | https://www.matchwalls.com/it/products/campione-blu-fiorente-nebbioso | https://www.matchwalls.com/pt/products/amostra-azul-de-flor-enevoada
gid://shopify/Product/14835715572088,14835715572088,null,1,CANDIDATO_011B5,Muestra de Misty Blossom Gris,https://www.matchwalls.com/products/muestra-de-misty-blossom-gris,6,es|en|fr|de|it|pt,Amostra|Campione|Muestra|Probe|Sample|Échantillon,no,no,,CANDIDATO_POR_HANDLE_EXACTO,https://www.matchwalls.com/products/misty-blossom-gris,delete seo.hidden to restore null,https://www.matchwalls.com/products/muestra-de-misty-blossom-gris | https://www.matchwalls.com/en/products/misty-blossom-gray-sample | https://www.matchwalls.com/fr/products/echantillon-gris-de-fleur-brumeux | https://www.matchwalls.com/de/products/neblige-blossom-grey-probe | https://www.matchwalls.com/it/products/campione-grigio-fiorente-nebbioso | https://www.matchwalls.com/pt/products/amostra-cinza-enevoada-em-flor-cinza
gid://shopify/Product/14835715867000,14835715867000,null,1,CANDIDATO_011B5,Muestra de Misty Blossom Lila,https://www.matchwalls.com/products/muestra-de-misty-blossom-lila,7,es|en|fr|de|nl|it|pt,Amostra|Campione|Muestra|Probe|Sample|Steekproef|Échantillon,no,yes,nl_non_nl_sample_term_detected,CANDIDATO_POR_HANDLE_EXACTO,https://www.matchwalls.com/products/misty-blossom-lila,delete seo.hidden to restore null,https://www.matchwalls.com/products/muestra-de-misty-blossom-lila | https://www.matchwalls.com/en/products/misty-blossom-lila-sample | https://www.matchwalls.com/fr/products/echantillon-de-lila-en-fleur-brumeuse | https://www.matchwalls.com/de/products/misty-blossom-lila-probe | https://www.matchwalls.com/nl/products/misty-blossom-lila-sample-1 | https://www.matchwalls.com/it/products/campione-di-lila-misty-blossom | https://www.matchwalls.com/pt/products/amostra-enevoada-de-flor-lila
gid://shopify/Product/14835715801464,14835715801464,null,1,CANDIDATO_011B5,Muestra de Misty Blossom Verde,https://www.matchwalls.com/products/muestra-de-misty-blossom-verde,6,es|en|fr|de|it|pt,Amostra|Campione|Muestra|Probe|Sample|Échantillon,no,no,,CANDIDATO_POR_HANDLE_EXACTO,https://www.matchwalls.com/products/misty-blossom-verde,delete seo.hidden to restore null,https://www.matchwalls.com/products/muestra-de-misty-blossom-verde | https://www.matchwalls.com/en/products/misty-blossom-green-sample-2 | https://www.matchwalls.com/fr/products/echantillon-vert-de-fleur-brumeux | https://www.matchwalls.com/de/products/neblige-blutengrune-probe | https://www.matchwalls.com/it/products/campione-verde-misty-blossom | https://www.matchwalls.com/pt/products/amostra-verde-de-flor-enevoada
gid://shopify/Product/14835718390136,14835718390136,null,1,CANDIDATO_011B5,Muestra de Peaks Azul,https://www.matchwalls.com/products/muestra-de-peaks-azul,6,es|en|fr|de|it|pt,Amostra|Campione|Muestra|Probe|Sample|Échantillon,no,no,,CANDIDATO_POR_HANDLE_EXACTO,https://www.matchwalls.com/products/peaks-azul,delete seo.hidden to restore null,https://www.matchwalls.com/products/muestra-de-peaks-azul | https://www.matchwalls.com/en/products/blue-peaks-sample | https://www.matchwalls.com/fr/products/echantillon-de-pics-bleus | https://www.matchwalls.com/de/products/blue-peaks-probe | https://www.matchwalls.com/it/products/campione-di-picchi-blu | https://www.matchwalls.com/pt/products/amostra-de-picos-azuis
gid://shopify/Product/14835718226296,14835718226296,null,1,CANDIDATO_011B5,Muestra de Peaks Gris,https://www.matchwalls.com/products/muestra-de-peaks-gris,6,es|en|fr|de|it|pt,Amostra|Campione|Muestra|Probe|Sample|Échantillon,no,no,,CANDIDATO_POR_HANDLE_EXACTO,https://www.matchwalls.com/products/peaks-gris,delete seo.hidden to restore null,https://www.matchwalls.com/products/muestra-de-peaks-gris | https://www.matchwalls.com/en/products/gray-peaks-sample | https://www.matchwalls.com/fr/products/echantillon-de-pics-gris | https://www.matchwalls.com/de/products/grey-peaks-probe | https://www.matchwalls.com/it/products/campione-di-picchi-grigi | https://www.matchwalls.com/pt/products/amostra-de-picos-de-cinza
gid://shopify/Product/14835718521208,14835718521208,null,1,CANDIDATO_011B5,Muestra de Peaks Rosa,https://www.matchwalls.com/products/muestra-de-peaks-rosa,6,es|en|fr|de|it|pt,Amostra|Campione|Muestra|Probe|Sample|Échantillon,no,no,,CANDIDATO_POR_HANDLE_EXACTO,https://www.matchwalls.com/products/peaks-rosa,delete seo.hidden to restore null,https://www.matchwalls.com/products/muestra-de-peaks-rosa | https://www.matchwalls.com/en/products/pink-peaks-sample | https://www.matchwalls.com/fr/products/echantillon-de-pics-roses | https://www.matchwalls.com/de/products/pink-peaks-probe | https://www.matchwalls.com/it/products/campione-di-cime-rosa | https://www.matchwalls.com/pt/products/amostra-de-picos-rosa
gid://shopify/Product/14835718619512,14835718619512,null,1,CANDIDATO_011B5,Muestra de Peaks Verde,https://www.matchwalls.com/products/muestra-de-peaks-verde,6,es|en|fr|de|it|pt,Amostra|Campione|Muestra|Probe|Sample|Échantillon,no,no,,CANDIDATO_POR_HANDLE_EXACTO,https://www.matchwalls.com/products/peaks-verde,delete seo.hidden to restore null,https://www.matchwalls.com/products/muestra-de-peaks-verde | https://www.matchwalls.com/en/products/green-peaks-sample | https://www.matchwalls.com/fr/products/echantillon-de-sommets-verts | https://www.matchwalls.com/de/products/grune-peaks-probe | https://www.matchwalls.com/it/products/campione-di-picchi-verdi | https://www.matchwalls.com/pt/products/amostra-de-picos-verdes
gid://shopify/Product/14835714425208,14835714425208,null,1,CANDIDATO_011B5,Muestra de Playful Stripes Amarillo,https://www.matchwalls.com/products/muestra-de-playful-stripes-amarillo,6,es|en|fr|de|it|pt,Amostra|Campione|Muestra|Probe|Sample|Échantillon,no,no,,CANDIDATO_POR_HANDLE_EXACTO,https://www.matchwalls.com/products/playful-stripes-amarillo,delete seo.hidden to restore null,https://www.matchwalls.com/products/muestra-de-playful-stripes-amarillo | https://www.matchwalls.com/en/products/playful-stripes-yellow-sample | https://www.matchwalls.com/fr/products/rayures-ludiques-echantillon-jaune | https://www.matchwalls.com/de/products/verspielte-streifen-gelbe-probe | https://www.matchwalls.com/it/products/campione-giallo-a-strisce-giocose | https://www.matchwalls.com/pt/products/amostra-amarela-de-listras-divertidas
gid://shopify/Product/14835714654584,14835714654584,null,1,CANDIDATO_011B5,Muestra de Playful Stripes Azul,https://www.matchwalls.com/products/muestra-de-playful-stripes-azul,6,es|en|fr|de|it|pt,Amostra|Campione|Muestra|Probe|Sample|Échantillon,no,no,,CANDIDATO_POR_HANDLE_EXACTO,https://www.matchwalls.com/products/playful-stripes-azul,delete seo.hidden to restore null,https://www.matchwalls.com/products/muestra-de-playful-stripes-azul | https://www.matchwalls.com/en/products/playful-stripes-blue-sample | https://www.matchwalls.com/fr/products/echantillon-bleu-de-rayures-ludiques | https://www.matchwalls.com/de/products/verspielte-streifen-blaue-probe | https://www.matchwalls.com/it/products/strips-stripes-blue-sample | https://www.matchwalls.com/pt/products/amostra-azul-de-listras-divertidas
gid://shopify/Product/14835714687352,14835714687352,null,1,CANDIDATO_011B5,Muestra de Playful Stripes Beige,https://www.matchwalls.com/products/muestra-de-playful-stripes-beige,1,es,Muestra,no,no,,CANDIDATO_POR_HANDLE_EXACTO,https://www.matchwalls.com/products/playful-stripes-beige,delete seo.hidden to restore null,https://www.matchwalls.com/products/muestra-de-playful-stripes-beige
gid://shopify/Product/14835714556280,14835714556280,null,1,CANDIDATO_011B5,Muestra de Playful Stripes Multicolor,https://www.matchwalls.com/products/muestra-de-playful-stripes-multicolor,6,es|en|fr|de|it|pt,Amostra|Campione|Muestra|Probe|Sample|Échantillon,no,no,,CANDIDATO_POR_HANDLE_EXACTO,https://www.matchwalls.com/products/playful-stripes-multicolor,delete seo.hidden to restore null,https://www.matchwalls.com/products/muestra-de-playful-stripes-multicolor | https://www.matchwalls.com/en/products/multicolor-playful-stripes-sample | https://www.matchwalls.com/fr/products/echantillon-de-rayures-ludiques-multicolores | https://www.matchwalls.com/de/products/multicolor-probe-mit-verspielten-streifen | https://www.matchwalls.com/it/products/campione-di-strisce-giocose-multicolori | https://www.matchwalls.com/pt/products/amostra-de-listras-divertidas-multicoloridas
gid://shopify/Product/14835755188600,14835755188600,null,1,CANDIDATO_011B5,Muestra de Puzzle de Letras Azul,https://www.matchwalls.com/products/muestra-de-puzzle-de-letras-azul,7,es|en|fr|de|nl|it|pt,Amostra|Campione|Muestra|Probe|Sample|Steekproef|Échantillon,no,yes,nl_non_nl_sample_term_detected,CANDIDATO_POR_HANDLE_EXACTO,https://www.matchwalls.com/products/puzzle-de-letras-azul,delete seo.hidden to restore null,https://www.matchwalls.com/products/muestra-de-puzzle-de-letras-azul | https://www.matchwalls.com/en/products/blue-letter-puzzle-sample | https://www.matchwalls.com/fr/products/echantillon-de-puzzle-de-lettres-bleues | https://www.matchwalls.com/de/products/blue-letter-puzzle-probe | https://www.matchwalls.com/nl/products/blue-letter-puzzle-sample-1 | https://www.matchwalls.com/it/products/campione-di-puzzle-di-lettere-blu | https://www.matchwalls.com/pt/products/amostra-de-quebra-cabeca-azul
gid://shopify/Product/14835755123064,14835755123064,null,1,CANDIDATO_011B5,Muestra de Puzzle de Letras Blanco y Negro,https://www.matchwalls.com/products/muestra-de-puzzle-de-letras-blanco-y-negro,6,es|en|fr|de|it|pt,Amostra|Campione|Muestra|Probe|Sample|Échantillon,no,no,,CANDIDATO_POR_HANDLE_EXACTO,https://www.matchwalls.com/products/puzzle-de-letras-blanco-y-negro,delete seo.hidden to restore null,https://www.matchwalls.com/products/muestra-de-puzzle-de-letras-blanco-y-negro | https://www.matchwalls.com/en/products/black-and-white-black-and-white-puzzle-sample | https://www.matchwalls.com/fr/products/echantillon-de-puzzle-noir-et-blanc-noir | https://www.matchwalls.com/de/products/schwarz-weiss-schwarz-weiss-puzzle-probe | https://www.matchwalls.com/it/products/campione-puzzle-bianco-e-nero-bianco-e-nero | https://www.matchwalls.com/pt/products/amostra-de-quebra-cabeca-preto-e-branco-preto-e-branco
gid://shopify/Product/14835755581816,14835755581816,null,1,CANDIDATO_011B5,Muestra de Puzzle de Letras Lila,https://www.matchwalls.com/products/muestra-de-puzzle-de-letras-lila,1,es,Muestra,no,no,,CANDIDATO_POR_HANDLE_EXACTO,https://www.matchwalls.com/products/puzzle-de-letras-lila,delete seo.hidden to restore null,https://www.matchwalls.com/products/muestra-de-puzzle-de-letras-lila
gid://shopify/Product/14835755450744,14835755450744,null,1,CANDIDATO_011B5,Muestra de Puzzle de Letras Marron,https://www.matchwalls.com/products/muestra-de-puzzle-de-letras-marron,1,es,Muestra,no,no,,CANDIDATO_POR_HANDLE_EXACTO,https://www.matchwalls.com/products/puzzle-de-letras-marron,delete seo.hidden to restore null,https://www.matchwalls.com/products/muestra-de-puzzle-de-letras-marron
gid://shopify/Product/14835755352440,14835755352440,null,1,CANDIDATO_011B5,Muestra de Puzzle de Letras Verde,https://www.matchwalls.com/products/muestra-de-puzzle-de-letras-verde,6,es|en|fr|de|it|pt,Amostra|Campione|Muestra|Probe|Sample|Échantillon,no,no,,CANDIDATO_POR_HANDLE_EXACTO,https://www.matchwalls.com/products/puzzle-de-letras-verde,delete seo.hidden to restore null,https://www.matchwalls.com/products/muestra-de-puzzle-de-letras-verde | https://www.matchwalls.com/en/products/green-letter-puzzle-sample | https://www.matchwalls.com/fr/products/echantillon-de-puzzle-de-lettre-verte | https://www.matchwalls.com/de/products/green-letter-puzzle-probe | https://www.matchwalls.com/it/products/campione-di-puzzle-di-lettere-verdi | https://www.matchwalls.com/pt/products/amostra-verde-de-quebra-cabeca
gid://shopify/Product/14835714261368,14835714261368,null,1,CANDIDATO_011B5,Muestra de Stripe Harmony Azul,https://www.matchwalls.com/products/muestra-de-stripe-harmony-azul,6,es|en|fr|de|it|pt,Amostra|Campione|Muestra|Probe|Sample|Échantillon,no,no,,CANDIDATO_POR_HANDLE_EXACTO,https://www.matchwalls.com/products/stripe-harmony-azul,delete seo.hidden to restore null,https://www.matchwalls.com/products/muestra-de-stripe-harmony-azul | https://www.matchwalls.com/en/products/blue-harmony-stripe-sample | https://www.matchwalls.com/fr/products/echantillon-de-bande-dharmonie-bleue | https://www.matchwalls.com/de/products/blue-harmony-stripe-probe | https://www.matchwalls.com/it/products/campione-a-strisce-di-armonia-blu | https://www.matchwalls.com/pt/products/amostra-azul-de-listra-de-harmonia
gid://shopify/Product/14835714097528,14835714097528,null,1,CANDIDATO_011B5,Muestra de Stripe Harmony Multicolor,https://www.matchwalls.com/products/muestra-de-stripe-harmony-multicolor,6,es|en|fr|de|it|pt,Amostra|Campione|Muestra|Probe|Sample|Échantillon,no,no,,CANDIDATO_POR_HANDLE_EXACTO,https://www.matchwalls.com/products/stripe-harmony-multicolor,delete seo.hidden to restore null,https://www.matchwalls.com/products/muestra-de-stripe-harmony-multicolor | https://www.matchwalls.com/en/products/multicolor-harmony-stripe-sample | https://www.matchwalls.com/fr/products/echantillon-de-bande-dharmonie-multicolore | https://www.matchwalls.com/de/products/multicolor-harmonie-streifenprobe | https://www.matchwalls.com/it/products/campione-a-strisce-armoniche-multicolore | https://www.matchwalls.com/pt/products/amostra-de-listra-de-harmonia-multicolor
gid://shopify/Product/14835714359672,14835714359672,null,1,CANDIDATO_011B5,Muestra de Stripe Harmony Rosa,https://www.matchwalls.com/products/muestra-de-stripe-harmony-rosa,7,es|en|fr|de|nl|it|pt,Amostra|Campione|Muestra|Probe|Sample|Steekproef|Échantillon,no,yes,nl_non_nl_sample_term_detected,CANDIDATO_POR_HANDLE_EXACTO,https://www.matchwalls.com/products/stripe-harmony-rosa,delete seo.hidden to restore null,https://www.matchwalls.com/products/muestra-de-stripe-harmony-rosa | https://www.matchwalls.com/en/products/harmony-rosa-stripe-sample | https://www.matchwalls.com/fr/products/echantillon-de-bande-dharmonie-rosa | https://www.matchwalls.com/de/products/harmonie-rosa-streifenprobe | https://www.matchwalls.com/nl/products/harmony-rosa-stripe-sample-1 | https://www.matchwalls.com/it/products/armony-rosa-stripe-sample | https://www.matchwalls.com/pt/products/amostra-de-listra-de-harmonia-rosa
gid://shopify/Product/14835714195832,14835714195832,null,1,CANDIDATO_011B5,Muestra de Stripe Harmony Verde,https://www.matchwalls.com/products/muestra-de-stripe-harmony-verde,7,es|en|fr|de|nl|it|pt,Amostra|Campione|Muestra|Probe|Sample|Steekproef|Échantillon,no,yes,nl_non_nl_sample_term_detected,CANDIDATO_POR_HANDLE_EXACTO,https://www.matchwalls.com/products/stripe-harmony-verde,delete seo.hidden to restore null,https://www.matchwalls.com/products/muestra-de-stripe-harmony-verde | https://www.matchwalls.com/en/products/harmony-green-stripe-sample | https://www.matchwalls.com/fr/products/echantillon-de-bande-vert-harmonie | https://www.matchwalls.com/de/products/harmony-green-stripe-probe | https://www.matchwalls.com/nl/products/harmony-green-stripe-sample-1 | https://www.matchwalls.com/it/products/armony-green-stripe-sample | https://www.matchwalls.com/pt/products/harmony-green-stripe-amostra
gid://shopify/Product/14835720651128,14835720651128,null,1,CANDIDATO_011B5,Muestra de Tartán Contemporáneo Amarillo,https://www.matchwalls.com/products/muestra-de-tartan-contemporaneo-amarillo,6,es|en|fr|de|it|pt,Amostra|Campione|Muestra|Probe|Sample|Échantillon,no,no,,CANDIDATO_POR_HANDLE_EXACTO,https://www.matchwalls.com/products/tartan-contemporaneo-amarillo,delete seo.hidden to restore null,https://www.matchwalls.com/products/muestra-de-tartan-contemporaneo-amarillo | https://www.matchwalls.com/en/products/yellow-contemporary-tartan-sample | https://www.matchwalls.com/fr/products/echantillon-de-tartan-contemporain-jaune | https://www.matchwalls.com/de/products/gelbe-zeitgenossische-tartan-probe | https://www.matchwalls.com/it/products/campione-di-tartan-contemporaneo-giallo | https://www.matchwalls.com/pt/products/amostra-de-tartan-contemporaneo-amarelo
gid://shopify/Product/14835720814968,14835720814968,null,1,CANDIDATO_011B5,Muestra de Tartán Contemporáneo Azul,https://www.matchwalls.com/products/muestra-de-tartan-contemporaneo-azul,7,es|en|fr|de|nl|it|pt,Amostra|Campione|Muestra|Probe|Sample|Steekproef|Échantillon,no,yes,nl_non_nl_sample_term_detected,CANDIDATO_POR_HANDLE_EXACTO,https://www.matchwalls.com/products/tartan-contemporaneo-azul,delete seo.hidden to restore null,https://www.matchwalls.com/products/muestra-de-tartan-contemporaneo-azul | https://www.matchwalls.com/en/products/blue-contemporary-tartan-sample | https://www.matchwalls.com/fr/products/echantillon-de-tartan-contemporain-bleu | https://www.matchwalls.com/de/products/blue-contemporary-tartan-probe | https://www.matchwalls.com/nl/products/blauw-eigentijdse-tartan-sample | https://www.matchwalls.com/it/products/campione-blu-contemporaneo-tartan | https://www.matchwalls.com/pt/products/amostra-azul-de-tartan-contemporaneo
gid://shopify/Product/14835720716664,14835720716664,null,1,CANDIDATO_011B5,Muestra de Tartán Contemporáneo Beige,https://www.matchwalls.com/products/muestra-de-tartan-contemporaneo-beige,7,es|en|fr|de|nl|it|pt,Amostra|Campione|Muestra|Probe|Sample|Steekproef|Échantillon,no,yes,nl_non_nl_sample_term_detected,CANDIDATO_POR_HANDLE_EXACTO,https://www.matchwalls.com/products/tartan-contemporaneo-beige,delete seo.hidden to restore null,https://www.matchwalls.com/products/muestra-de-tartan-contemporaneo-beige | https://www.matchwalls.com/en/products/beige-contemporary-tartan-sample | https://www.matchwalls.com/fr/products/echantillon-de-tartan-contemporain-beige | https://www.matchwalls.com/de/products/beige-zeitgenossische-tartan-probe | https://www.matchwalls.com/nl/products/beige-hedendaagse-tartan-sample | https://www.matchwalls.com/it/products/campione-tartan-contemporaneo-beige | https://www.matchwalls.com/pt/products/amostra-bege-contemporanea-de-tartan
gid://shopify/Product/14835720454520,14835720454520,null,1,CANDIDATO_011B5,Muestra de Tartán Contemporáneo Gris,https://www.matchwalls.com/products/muestra-de-tartan-contemporaneo-gris,7,es|en|fr|de|nl|it|pt,Amostra|Campione|Muestra|Probe|Sample|Steekproef|Échantillon,no,yes,nl_non_nl_sample_term_detected,CANDIDATO_POR_HANDLE_EXACTO,https://www.matchwalls.com/products/tartan-contemporaneo-gris,delete seo.hidden to restore null,https://www.matchwalls.com/products/muestra-de-tartan-contemporaneo-gris | https://www.matchwalls.com/en/products/gray-contemporary-tartan-sample | https://www.matchwalls.com/fr/products/echantillon-de-tartan-contemporain-gris | https://www.matchwalls.com/de/products/graue-zeitgenossische-tartanprobe | https://www.matchwalls.com/nl/products/grijze-eigentijdse-tartan-sample | https://www.matchwalls.com/it/products/campione-di-tartan-grigio-contemporaneo | https://www.matchwalls.com/pt/products/amostra-de-tartan-contemporaneo-cinza
gid://shopify/Product/14835720913272,14835720913272,null,1,CANDIDATO_011B5,Muestra de Tartán Contemporáneo Rosa,https://www.matchwalls.com/products/muestra-de-tartan-contemporaneo-rosa,7,es|en|fr|de|nl|it|pt,Amostra|Campione|Muestra|Probe|Sample|Steekproef|Échantillon,no,yes,nl_non_nl_sample_term_detected,CANDIDATO_POR_HANDLE_EXACTO,https://www.matchwalls.com/products/tartan-contemporaneo-rosa,delete seo.hidden to restore null,https://www.matchwalls.com/products/muestra-de-tartan-contemporaneo-rosa | https://www.matchwalls.com/en/products/pink-contemporary-tartan-sample | https://www.matchwalls.com/fr/products/echantillon-de-tartan-contemporain-rose | https://www.matchwalls.com/de/products/rosa-zeitgenossische-tartan-probe | https://www.matchwalls.com/nl/products/roze-eigentijdse-tartan-sample | https://www.matchwalls.com/it/products/campione-tartan-contemporaneo-rosa | https://www.matchwalls.com/pt/products/amostra-de-tartan-contemporaneo-rosa
gid://shopify/Product/14835720585592,14835720585592,null,1,CANDIDATO_011B5,Muestra de Tartán Contemporáneo Verde,https://www.matchwalls.com/products/muestra-de-tartan-contemporaneo-verde,7,es|en|fr|de|nl|it|pt,Amostra|Campione|Muestra|Probe|Sample|Steekproef|Échantillon,no,yes,nl_non_nl_sample_term_detected,CANDIDATO_POR_HANDLE_EXACTO,https://www.matchwalls.com/products/tartan-contemporaneo-verde,delete seo.hidden to restore null,https://www.matchwalls.com/products/muestra-de-tartan-contemporaneo-verde | https://www.matchwalls.com/en/products/green-contemporary-tartan-sample | https://www.matchwalls.com/fr/products/echantillon-de-tartan-contemporain-vert | https://www.matchwalls.com/de/products/grune-zeitgenossische-tartanprobe | https://www.matchwalls.com/nl/products/groene-eigentijdse-tartan-sample | https://www.matchwalls.com/it/products/campione-tartan-contemporaneo-verde | https://www.matchwalls.com/pt/products/amostra-de-tartan-contemporaneo-verde
gid://shopify/Product/14835719963000,14835719963000,null,1,CANDIDATO_011B5,Muestra de Tartán Sutil Beige,https://www.matchwalls.com/products/muestra-de-tartan-sutil-beige,6,es|en|fr|de|it|pt,Amostra|Campione|Muestra|Probe|Sample|Échantillon,no,no,,CANDIDATO_POR_HANDLE_EXACTO,https://www.matchwalls.com/products/tartan-sutil-beige,delete seo.hidden to restore null,https://www.matchwalls.com/products/muestra-de-tartan-sutil-beige | https://www.matchwalls.com/en/products/sutil-beige-tartan-sample | https://www.matchwalls.com/fr/products/echantillon-de-tartan-betil-beige | https://www.matchwalls.com/de/products/sutil-beige-tartan-probe | https://www.matchwalls.com/it/products/campione-di-tartan-beige-sulel | https://www.matchwalls.com/pt/products/amostra-de-tartan-bege-sutil
gid://shopify/Product/14835719864696,14835719864696,null,1,CANDIDATO_011B5,Muestra de Tartán Sutil Lila,https://www.matchwalls.com/products/muestra-de-tartan-sutil-lila,6,es|en|fr|de|it|pt,Amostra|Campione|Muestra|Probe|Sample|Échantillon,no,no,,CANDIDATO_POR_HANDLE_EXACTO,https://www.matchwalls.com/products/tartan-sutil-lila,delete seo.hidden to restore null,https://www.matchwalls.com/products/muestra-de-tartan-sutil-lila | https://www.matchwalls.com/en/products/subtle-lilac-sample | https://www.matchwalls.com/fr/products/echantillon-de-lilas-subtil | https://www.matchwalls.com/de/products/subtile-lila-probe | https://www.matchwalls.com/it/products/campione-lilla-sottile | https://www.matchwalls.com/pt/products/amostra-sutil-lilac
gid://shopify/Product/14835720356216,14835720356216,null,1,CANDIDATO_011B5,Muestra de Tartán Sutil Marrón,https://www.matchwalls.com/products/muestra-de-tartan-sutil-marron,7,es|en|fr|de|nl|it|pt,Amostra|Campione|Muestra|Probe|Sample|Steekproef|Échantillon,no,yes,nl_non_nl_sample_term_detected,CANDIDATO_POR_HANDLE_EXACTO,https://www.matchwalls.com/products/tartan-sutil-marron,delete seo.hidden to restore null,https://www.matchwalls.com/products/muestra-de-tartan-sutil-marron | https://www.matchwalls.com/en/products/brown-suctan-sample | https://www.matchwalls.com/fr/products/echantillon-de-suctan-marron | https://www.matchwalls.com/de/products/brown-suctan-probe | https://www.matchwalls.com/nl/products/brown-suctan-sample-1 | https://www.matchwalls.com/it/products/campione-di-suctan-marrone | https://www.matchwalls.com/pt/products/amostra-de-sucina-marrom
gid://shopify/Product/14835720094072,14835720094072,null,1,CANDIDATO_011B5,Muestra de Tartán Sutil Rosa,https://www.matchwalls.com/products/muestra-de-tartan-sutil-rosa,7,es|en|fr|de|nl|it|pt,Amostra|Campione|Muestra|Probe|Sample|Steekproef|Échantillon,no,yes,nl_non_nl_sample_term_detected,CANDIDATO_POR_HANDLE_EXACTO,https://www.matchwalls.com/products/tartan-sutil-rosa,delete seo.hidden to restore null,https://www.matchwalls.com/products/muestra-de-tartan-sutil-rosa | https://www.matchwalls.com/en/products/subtle-pink-tartan-sample | https://www.matchwalls.com/fr/products/echantillon-de-tartan-rose-subtil | https://www.matchwalls.com/de/products/subtile-rosa-tartan-probe | https://www.matchwalls.com/nl/products/subtiele-roze-tartan-sample | https://www.matchwalls.com/it/products/campione-di-tartan-rosa-sottile | https://www.matchwalls.com/pt/products/amostra-sutil-de-tartan-rosa
gid://shopify/Product/14835720225144,14835720225144,null,1,CANDIDATO_011B5,Muestra de Tartán Sutil Verde,https://www.matchwalls.com/products/muestra-de-tartan-sutil-verde,6,es|en|fr|de|it|pt,Amostra|Campione|Muestra|Probe|Sample|Échantillon,no,no,,CANDIDATO_POR_HANDLE_EXACTO,https://www.matchwalls.com/products/tartan-sutil-verde,delete seo.hidden to restore null,https://www.matchwalls.com/products/muestra-de-tartan-sutil-verde | https://www.matchwalls.com/en/products/subtle-green-tartan-sample | https://www.matchwalls.com/fr/products/echantillon-de-tartan-vert-subtil | https://www.matchwalls.com/de/products/subtile-grune-tartanprobe | https://www.matchwalls.com/it/products/campione-di-tartan-verde-sottile | https://www.matchwalls.com/pt/products/amostra-sutil-de-tartan-verde
gid://shopify/Product/14835718652280,14835718652280,null,1,CANDIDATO_011B5,Muestra de Verdant Valle  Beige,https://www.matchwalls.com/products/muestra-de-verdant-valle-beige,6,es|en|fr|de|it|pt,Amostra|Campione|Muestra|Probe|Sample|Échantillon,no,no,,CANDIDATO_POR_HANDLE_EXACTO,https://www.matchwalls.com/products/verdant-valle-beige,delete seo.hidden to restore null,https://www.matchwalls.com/products/muestra-de-verdant-valle-beige | https://www.matchwalls.com/en/products/verdant-valle-beige-sample | https://www.matchwalls.com/fr/products/echantillon-beige-valle-verdoyant | https://www.matchwalls.com/de/products/verdantes-valle-beige-probe | https://www.matchwalls.com/it/products/verdant-valle-beige-sample-1 | https://www.matchwalls.com/pt/products/amostra-verdejante-de-bege-valle
gid://shopify/Product/14835718750584,14835718750584,null,1,CANDIDATO_011B5,Muestra de Verdant Valle Azul,https://www.matchwalls.com/products/muestra-de-verdant-valle-azul,6,es|en|fr|de|it|pt,Amostra|Campione|Muestra|Probe|Sample|Échantillon,no,no,,CANDIDATO_POR_HANDLE_EXACTO,https://www.matchwalls.com/products/verdant-valle-azul,delete seo.hidden to restore null,https://www.matchwalls.com/products/muestra-de-verdant-valle-azul | https://www.matchwalls.com/en/products/verdant-valle-azul-sample | https://www.matchwalls.com/fr/products/echantillon-de-valle-valle | https://www.matchwalls.com/de/products/gruner-valle-azul-probe | https://www.matchwalls.com/it/products/verdant-valle-azul-sample-1 | https://www.matchwalls.com/pt/products/amostra-verdejante-do-valle-azul
gid://shopify/Product/14835719045496,14835719045496,null,1,CANDIDATO_011B5,Muestra de Verdant Valle Gris,https://www.matchwalls.com/products/muestra-de-verdant-valle-gris,6,es|en|fr|de|it|pt,Amostra|Campione|Muestra|Probe|Sample|Échantillon,no,no,,CANDIDATO_POR_HANDLE_EXACTO,https://www.matchwalls.com/products/verdant-valle-gris,delete seo.hidden to restore null,https://www.matchwalls.com/products/muestra-de-verdant-valle-gris | https://www.matchwalls.com/en/products/verdant-valle-gray-sample | https://www.matchwalls.com/fr/products/echantillon-de-gris-valle-verdant | https://www.matchwalls.com/de/products/gruner-vallegrau-probe | https://www.matchwalls.com/it/products/verdant-valle-grey-sample | https://www.matchwalls.com/pt/products/amostra-verdejante-cinza
gid://shopify/Product/14835718848888,14835718848888,null,1,CANDIDATO_011B5,Muestra de Verdant Valle Rosa,https://www.matchwalls.com/products/muestra-de-verdant-valle-rosa,6,es|en|fr|de|it|pt,Amostra|Campione|Muestra|Probe|Sample|Échantillon,no,no,,CANDIDATO_POR_HANDLE_EXACTO,https://www.matchwalls.com/products/verdant-valle-rosa,delete seo.hidden to restore null,https://www.matchwalls.com/products/muestra-de-verdant-valle-rosa | https://www.matchwalls.com/en/products/verdant-valle-rosa-sample | https://www.matchwalls.com/fr/products/echantillon-de-valle-rosa-verdoyante | https://www.matchwalls.com/de/products/gruner-valle-rosa-probe | https://www.matchwalls.com/it/products/verdant-valle-rosa-sample-1 | https://www.matchwalls.com/pt/products/amostra-verdejante-de-valle-rosa
gid://shopify/Product/14835718914424,14835718914424,null,1,CANDIDATO_011B5,Muestra de Verdant Valle Verde,https://www.matchwalls.com/products/muestra-de-verdant-valle-verde,6,es|en|fr|de|it|pt,Amostra|Campione|Muestra|Probe|Sample|Échantillon,no,no,,CANDIDATO_POR_HANDLE_EXACTO,https://www.matchwalls.com/products/verdant-valle-verde,delete seo.hidden to restore null,https://www.matchwalls.com/products/muestra-de-verdant-valle-verde | https://www.matchwalls.com/en/products/verdant-valle-verde-sample | https://www.matchwalls.com/fr/products/echantillon-de-verdant-valle-verde | https://www.matchwalls.com/de/products/gruner-valle-verde-probe | https://www.matchwalls.com/it/products/verdant-valle-verde-sample-1 | https://www.matchwalls.com/pt/products/amostra-verdejante-do-valle-verde
gid://shopify/Product/14835716882808,14835716882808,null,1,CANDIDATO_011B5,Muestra de Whispering Forest Azul,https://www.matchwalls.com/products/muestra-de-whispering-forest-azul,6,es|en|fr|de|it|pt,Amostra|Campione|Muestra|Probe|Sample|Échantillon,no,no,,CANDIDATO_POR_HANDLE_EXACTO,https://www.matchwalls.com/products/whispering-forest-azul,delete seo.hidden to restore null,https://www.matchwalls.com/products/muestra-de-whispering-forest-azul | https://www.matchwalls.com/en/products/blue-forest-whispering-sample | https://www.matchwalls.com/fr/products/echantillon-de-chuchotement-de-la-foret-bleue | https://www.matchwalls.com/de/products/blue-forest-whispering-probe | https://www.matchwalls.com/it/products/campione-di-sussurri-blu-della-foresta | https://www.matchwalls.com/pt/products/amostra-de-sussurro-da-floresta-azul
gid://shopify/Product/14835716587896,14835716587896,null,1,CANDIDATO_011B5,Muestra de Whispering Forest Gris,https://www.matchwalls.com/products/muestra-de-whispering-forest-gris,6,es|en|fr|de|it|pt,Amostra|Campione|Muestra|Probe|Sample|Échantillon,no,no,,CANDIDATO_POR_HANDLE_EXACTO,https://www.matchwalls.com/products/whispering-forest-gris,delete seo.hidden to restore null,https://www.matchwalls.com/products/muestra-de-whispering-forest-gris | https://www.matchwalls.com/en/products/gray-forest-whispering-sample | https://www.matchwalls.com/fr/products/echantillon-de-chuchotement-de-foret-grise | https://www.matchwalls.com/de/products/probe-des-grauen-waldes-flustert | https://www.matchwalls.com/it/products/campione-di-sussurri-della-foresta-grigia-1 | https://www.matchwalls.com/pt/products/amostra-de-sussurro-da-floresta-cinza-1
gid://shopify/Product/14835717013880,14835717013880,null,1,CANDIDATO_011B5,Muestra de Whispering Forest Marrón,https://www.matchwalls.com/products/muestra-de-whispering-forest-marron,6,es|en|fr|de|it|pt,Amostra|Campione|Muestra|Probe|Sample|Échantillon,no,no,,CANDIDATO_POR_HANDLE_EXACTO,https://www.matchwalls.com/products/whispering-forest-marron,delete seo.hidden to restore null,https://www.matchwalls.com/products/muestra-de-whispering-forest-marron | https://www.matchwalls.com/en/products/brown-forest-whispering-sample | https://www.matchwalls.com/fr/products/echantillon-de-chuchotement-de-foret-brune | https://www.matchwalls.com/de/products/probe-des-braunen-waldes-flustert | https://www.matchwalls.com/it/products/campione-di-sussurri-della-foresta-marrone | https://www.matchwalls.com/pt/products/amostra-de-sussurro-da-floresta-marrom
gid://shopify/Product/14835716751736,14835716751736,null,1,CANDIDATO_011B5,Muestra de Whispering Forest Rosa,https://www.matchwalls.com/products/muestra-de-whispering-forest-rosa,7,es|en|fr|de|nl|it|pt,Amostra|Campione|Muestra|Probe|Sample|Steekproef|Échantillon,no,yes,nl_non_nl_sample_term_detected,CANDIDATO_POR_HANDLE_EXACTO,https://www.matchwalls.com/products/whispering-forest-rosa,delete seo.hidden to restore null,https://www.matchwalls.com/products/muestra-de-whispering-forest-rosa | https://www.matchwalls.com/en/products/forest-pink-whispering-sample | https://www.matchwalls.com/fr/products/echantillon-de-chuchotement-rose-foret | https://www.matchwalls.com/de/products/waldrosa-flusterprobe | https://www.matchwalls.com/nl/products/forest-pink-whispering-sample-1 | https://www.matchwalls.com/it/products/campione-di-sussurri-rosa-della-foresta | https://www.matchwalls.com/pt/products/amostra-de-sussurro-rosa-florestal
gid://shopify/Product/14835716718968,14835716718968,null,1,CANDIDATO_011B5,Muestra de Whispering Forest Verde,https://www.matchwalls.com/products/muestra-de-whispering-forest-verde,6,es|en|fr|de|it|pt,Amostra|Campione|Muestra|Probe|Sample|Échantillon,no,no,,CANDIDATO_POR_HANDLE_EXACTO,https://www.matchwalls.com/products/whispering-forest-verde,delete seo.hidden to restore null,https://www.matchwalls.com/products/muestra-de-whispering-forest-verde | https://www.matchwalls.com/en/products/green-forest-whispering-sample | https://www.matchwalls.com/fr/products/echantillon-de-chuchotement-de-la-foret-verte | https://www.matchwalls.com/de/products/grune-wald-flusternde-probe | https://www.matchwalls.com/it/products/campione-di-sussurri-della-foresta-verde | https://www.matchwalls.com/pt/products/amostra-de-sussurro-da-floresta-verde
gid://shopify/Product/14835714949496,14835714949496,null,1,CANDIDATO_011B5,Muestra de Wildflower Whisper Azul,https://www.matchwalls.com/products/muestra-de-wildflower-whisper-azul,7,es|en|fr|de|nl|it|pt,Amostra|Campione|Muestra|Probe|Sample|Steekproef|Échantillon,no,yes,nl_non_nl_sample_term_detected,CANDIDATO_POR_HANDLE_EXACTO,https://www.matchwalls.com/products/wildflower-whisper-azul,delete seo.hidden to restore null,https://www.matchwalls.com/products/muestra-de-wildflower-whisper-azul | https://www.matchwalls.com/en/products/wildflower-whisper-blue-sample | https://www.matchwalls.com/fr/products/echantillon-bleu-wildflower-whisper | https://www.matchwalls.com/de/products/wildblumenflusterblau-probe | https://www.matchwalls.com/nl/products/wildflower-whisper-blue-sample-1 | https://www.matchwalls.com/it/products/campione-blu-whisper-wildflower | https://www.matchwalls.com/pt/products/amostra-azul-sussurro-de-flores-silvestres
gid://shopify/Product/14835715178872,14835715178872,null,1,CANDIDATO_011B5,Muestra de Wildflower Whisper Lila,https://www.matchwalls.com/products/muestra-de-wildflower-whisper-lila,4,es|en|fr|pt,Amostra|Muestra|Sample|Échantillon,no,yes,en_url_contains_muestra|fr_url_contains_muestra,CANDIDATO_POR_HANDLE_EXACTO,https://www.matchwalls.com/products/wildflower-whisper-lila,delete seo.hidden to restore null,https://www.matchwalls.com/products/muestra-de-wildflower-whisper-lila | https://www.matchwalls.com/en/products/muestra-de-wildflower-whisper-lila | https://www.matchwalls.com/fr/products/muestra-de-wildflower-whisper-lila | https://www.matchwalls.com/pt/products/muestra-de-wildflower-whisper-lila
gid://shopify/Product/14835715309944,14835715309944,null,1,CANDIDATO_011B5,Muestra de Wildflower Whisper Marrón,https://www.matchwalls.com/products/muestra-de-wildflower-whisper-marron,6,es|en|fr|de|it|pt,Amostra|Campione|Muestra|Probe|Sample|Échantillon,no,no,,CANDIDATO_POR_HANDLE_EXACTO,https://www.matchwalls.com/products/wildflower-whisper-marron,delete seo.hidden to restore null,https://www.matchwalls.com/products/muestra-de-wildflower-whisper-marron | https://www.matchwalls.com/en/products/wildflower-whisper-brown-sample | https://www.matchwalls.com/fr/products/echantillon-de-bruns-de-chuchotements-sauvages | https://www.matchwalls.com/de/products/wildblumenflusterbruste-braune-probe | https://www.matchwalls.com/it/products/campione-marrone-whisper-wildflower | https://www.matchwalls.com/pt/products/amostra-marrom-sussurro-de-flores-silvestres
gid://shopify/Product/14835715244408,14835715244408,null,1,CANDIDATO_011B5,Muestra de Wildflower Whisper Multicolor,https://www.matchwalls.com/products/muestra-de-wildflower-whisper-multicolor,6,es|en|fr|de|it|pt,Amostra|Campione|Muestra|Probe|Sample|Échantillon,no,no,,CANDIDATO_POR_HANDLE_EXACTO,https://www.matchwalls.com/products/wildflower-whisper-multicolor,delete seo.hidden to restore null,https://www.matchwalls.com/products/muestra-de-wildflower-whisper-multicolor | https://www.matchwalls.com/en/products/wildflower-whisper-multicolored-sample | https://www.matchwalls.com/fr/products/echantillon-multicolore-de-wildflower-whisper | https://www.matchwalls.com/de/products/wildblume-whisper-multicolored-probe | https://www.matchwalls.com/it/products/campione-multicolore-whisper-wildflower | https://www.matchwalls.com/pt/products/amostra-multicolorida-sussurro-de-flores-silvestres
gid://shopify/Product/14835715441016,14835715441016,null,1,CANDIDATO_011B5,Muestra de Wildflower Whisper Rosa,https://www.matchwalls.com/products/muestra-de-wildflower-whisper-rosa,6,es|en|fr|de|it|pt,Amostra|Campione|Muestra|Probe|Sample|Échantillon,no,no,,CANDIDATO_POR_HANDLE_EXACTO,https://www.matchwalls.com/products/wildflower-whisper-rosa,delete seo.hidden to restore null,https://www.matchwalls.com/products/muestra-de-wildflower-whisper-rosa | https://www.matchwalls.com/en/products/wildflower-whisper-pink-sample | https://www.matchwalls.com/fr/products/echantillon-rose-wildflower-whisper | https://www.matchwalls.com/de/products/wildblumenfluster-pink-probe | https://www.matchwalls.com/it/products/campione-rosa-sussurrato-di-fiori-selvatici | https://www.matchwalls.com/pt/products/amostra-rosa-sussurro-de-flores-silvestres
gid://shopify/Product/14835717603704,14835717603704,null,1,CANDIDATO_011B5,Muestra de World Explorer Azul,https://www.matchwalls.com/products/muestra-de-world-explorer-azul,6,es|en|fr|de|nl|pt,Amostra|Muestra|Probe|Sample|Steekproef|Échantillon,no,yes,nl_non_nl_sample_term_detected,CANDIDATO_POR_HANDLE_EXACTO,https://www.matchwalls.com/products/world-explorer-azul,delete seo.hidden to restore null,https://www.matchwalls.com/products/muestra-de-world-explorer-azul | https://www.matchwalls.com/en/products/blue-world-explorer-sample | https://www.matchwalls.com/fr/products/echantillon-dexplorateur-du-monde-bleu | https://www.matchwalls.com/de/products/blue-world-explorer-probe | https://www.matchwalls.com/nl/products/blauwe-wereld-explorer-sample | https://www.matchwalls.com/pt/products/amostra-blue-world-explorer
gid://shopify/Product/14835717538168,14835717538168,null,1,CANDIDATO_011B5,Muestra de World Explorer Gris,https://www.matchwalls.com/products/muestra-de-world-explorer-gris,7,es|en|fr|de|nl|it|pt,Amostra|Campione|Muestra|Probe|Sample|Steekproef|Échantillon,no,yes,nl_non_nl_sample_term_detected,CANDIDATO_POR_HANDLE_EXACTO,https://www.matchwalls.com/products/world-explorer-gris,delete seo.hidden to restore null,https://www.matchwalls.com/products/muestra-de-world-explorer-gris | https://www.matchwalls.com/en/products/world-explorer-gray-sample | https://www.matchwalls.com/fr/products/echantillon-dexplorateur-mondial-gris | https://www.matchwalls.com/de/products/grey-world-explorer-probe | https://www.matchwalls.com/nl/products/gray-world-explorer-sample | https://www.matchwalls.com/it/products/grey-world-explorer-sample | https://www.matchwalls.com/pt/products/amostra-cinza-do-explorador-mundial
gid://shopify/Product/14835718029688,14835718029688,null,1,CANDIDATO_011B5,Muestra de World Explorer Marrón,https://www.matchwalls.com/products/muestra-de-world-explorer-marron,7,es|en|fr|de|nl|it|pt,Amostra|Campione|Muestra|Probe|Sample|Steekproef|Échantillon,no,yes,nl_non_nl_sample_term_detected,CANDIDATO_POR_HANDLE_EXACTO,https://www.matchwalls.com/products/world-explorer-marron,delete seo.hidden to restore null,https://www.matchwalls.com/products/muestra-de-world-explorer-marron | https://www.matchwalls.com/en/products/world-explorer-brown-sample | https://www.matchwalls.com/fr/products/echantillon-brun-dexplorateur-mondial | https://www.matchwalls.com/de/products/world-explorer-brown-probe | https://www.matchwalls.com/nl/products/world-explorer-brown-sample-2 | https://www.matchwalls.com/it/products/explorer-world-explorer-brown-sample | https://www.matchwalls.com/pt/products/amostra-marrom-do-explorador-mundial
gid://shopify/Product/14835717734776,14835717734776,null,1,CANDIDATO_011B5,Muestra de World Explorer Rosa,https://www.matchwalls.com/products/muestra-de-world-explorer-rosa,7,es|en|fr|de|nl|it|pt,Amostra|Campione|Muestra|Probe|Sample|Steekproef|Échantillon,no,yes,nl_non_nl_sample_term_detected,CANDIDATO_POR_HANDLE_EXACTO,https://www.matchwalls.com/products/world-explorer-rosa,delete seo.hidden to restore null,https://www.matchwalls.com/products/muestra-de-world-explorer-rosa | https://www.matchwalls.com/en/products/world-explorer-rosa-sample | https://www.matchwalls.com/fr/products/echantillon-de-lexplorateur-mondial-rosa | https://www.matchwalls.com/de/products/world-explorer-rosa-probe | https://www.matchwalls.com/nl/products/world-explorer-pink-sample | https://www.matchwalls.com/it/products/explorer-world-explorer-pink-sample | https://www.matchwalls.com/pt/products/amostra-rosa-do-explorador-mundial
gid://shopify/Product/14835717800312,14835717800312,null,1,CANDIDATO_011B5,Muestra de World Explorer Verde,https://www.matchwalls.com/products/muestra-de-world-explorer-verde,7,es|en|fr|de|nl|it|pt,Amostra|Campione|Muestra|Probe|Sample|Steekproef|Échantillon,no,yes,nl_non_nl_sample_term_detected,CANDIDATO_POR_HANDLE_EXACTO,https://www.matchwalls.com/products/world-explorer-verde,delete seo.hidden to restore null,https://www.matchwalls.com/products/muestra-de-world-explorer-verde | https://www.matchwalls.com/en/products/world-explorer-green-sample | https://www.matchwalls.com/fr/products/echantillon-vert-dexplorateur-mondial | https://www.matchwalls.com/de/products/world-explorer-green-probe | https://www.matchwalls.com/nl/products/world-explorer-green-sample-sample | https://www.matchwalls.com/it/products/explorer-world-explorer-green-sample | https://www.matchwalls.com/pt/products/amostra-verde-do-explorador-mundial
