source_path,final_status,redirect_hops,final_url,canonical,h1,title,meta_robots,x_robots_tag,visible_noindex,chain
/,200,0,https://www.matchwalls.com/,,,,,,no,200 https://www.matchwalls.com/
/ar/collections/%d8%a7%d9%84%d9%84%d9%88%d8%ad%d8%a7%d8%aa-%d8%a7%d9%84%d9%82%d9%85%d8%a7%d8%b4%d9%8a%d8%a9-matchwallsartprints,200,3,https://www.matchwalls.com/en,,,,,,no,301 https://www.matchwalls.com/ar/collections/%d8%a7%d9%84%d9%84%d9%88%d8%ad%d8%a7%d8%aa-%d8%a7%d9%84%d9%82%d9%85%d8%a7%d8%b4%d9%8a%d8%a9-matchwallsartprints -> /ar/collections/lienzos | 301 https://www.matchwalls.com/ar/collections/lienzos -> /ar/ | 301 https://www.matchwalls.com/ar/ -> /en | 200 https://www.matchwalls.com/en
/ar/collections/%d8%ac%d8%af%d8%a7%d8%b1%d9%8a%d8%a7%d8%aa-%d9%84%d9%84%d9%85%d8%b7%d8%a8%d8%ae-matchwallsmurals,200,1,https://www.matchwalls.com/en/collections/black-painted-papers-matchwallswallpapers,,,,,,no,301 https://www.matchwalls.com/ar/collections/%d8%ac%d8%af%d8%a7%d8%b1%d9%8a%d8%a7%d8%aa-%d9%84%d9%84%d9%85%d8%b7%d8%a8%d8%ae-matchwallsmurals -> /en/collections/black-painted-papers-matchwallswallpapers | 200 https://www.matchwalls.com/en/collections/black-painted-papers-matchwallswallpapers
/ar/collections/%d8%ae%d9%84%d9%81%d9%8a%d8%a7%d8%aa-%d8%b3%d9%88%d8%af%d8%a7%d8%a1-matchwallswallpapers,200,1,https://www.matchwalls.com/en,,,,,,no,301 https://www.matchwalls.com/ar/collections/%d8%ae%d9%84%d9%81%d9%8a%d8%a7%d8%aa-%d8%b3%d9%88%d8%af%d8%a7%d8%a1-matchwallswallpapers -> /en | 200 https://www.matchwalls.com/en
/ar/collections/lienzos,200,2,https://www.matchwalls.com/en,,,,,,no,301 https://www.matchwalls.com/ar/collections/lienzos -> /ar/ | 301 https://www.matchwalls.com/ar/ -> /en | 200 https://www.matchwalls.com/en
/ar/pages/%d8%af%d9%84%d9%8a%d9%84-%d8%a7%d9%84%d8%aa%d8%ab%d8%a8%d9%8a%d8%aa,404,1,https://www.matchwalls.com/ar/pages/installation-guide-1,,,,,,no,301 https://www.matchwalls.com/ar/pages/%d8%af%d9%84%d9%8a%d9%84-%d8%a7%d9%84%d8%aa%d8%ab%d8%a8%d9%8a%d8%aa -> /ar/pages/installation-guide-1 | 404 https://www.matchwalls.com/ar/pages/installation-guide-1
/ar/pages/installation-guide-1,404,0,https://www.matchwalls.com/ar/pages/installation-guide-1,,,,,,no,404 https://www.matchwalls.com/ar/pages/installation-guide-1
/collections/%20papeles-pintados,200,1,https://www.matchwalls.com/collections/murales,,,,,,no,301 https://www.matchwalls.com/collections/%20papeles-pintados -> /collections/murales | 200 https://www.matchwalls.com/collections/murales
/collections/best-seller,200,1,https://www.matchwalls.com/collections/murales-mas-vendidos-mural,,,,,,no,301 https://www.matchwalls.com/collections/best-seller -> /collections/murales-mas-vendidos-mural | 200 https://www.matchwalls.com/collections/murales-mas-vendidos-mural
/collections/blanco-y-negro-murales,404,0,https://www.matchwalls.com/collections/blanco-y-negro-murales,,,,,,no,404 https://www.matchwalls.com/collections/blanco-y-negro-murales
/collections/cuadros-rollos,200,1,https://www.matchwalls.com/,,,,,,no,301 https://www.matchwalls.com/collections/cuadros-rollos -> / | 200 https://www.matchwalls.com/
/collections/elegancia-asegurada,200,1,https://www.matchwalls.com/collections/elegancia-asegurada-murales,,,,,,no,301 https://www.matchwalls.com/collections/elegancia-asegurada -> /collections/elegancia-asegurada-murales | 200 https://www.matchwalls.com/collections/elegancia-asegurada-murales
/collections/elegancia-asegurada-murales,200,0,https://www.matchwalls.com/collections/elegancia-asegurada-murales,,,,,,no,200 https://www.matchwalls.com/collections/elegancia-asegurada-murales
/collections/kids,404,1,https://www.matchwalls.com/collections/kids-rollos,,,,,,no,301 https://www.matchwalls.com/collections/kids -> /collections/kids-rollos | 404 https://www.matchwalls.com/collections/kids-rollos
/collections/kids-murales,200,0,https://www.matchwalls.com/collections/kids-murales,,,,,,no,200 https://www.matchwalls.com/collections/kids-murales
/collections/kids-rollos,404,0,https://www.matchwalls.com/collections/kids-rollos,,,,,,no,404 https://www.matchwalls.com/collections/kids-rollos
/collections/lienzos,200,1,https://www.matchwalls.com/,,,,,,no,301 https://www.matchwalls.com/collections/lienzos -> / | 200 https://www.matchwalls.com/
/collections/lienzos-abstractos,404,0,https://www.matchwalls.com/collections/lienzos-abstractos,,,,,,no,404 https://www.matchwalls.com/collections/lienzos-abstractos
/collections/lienzos-artista,404,1,https://www.matchwalls.com/collections/lienzos-abstractos,,,,,,no,301 https://www.matchwalls.com/collections/lienzos-artista -> /collections/lienzos-abstractos | 404 https://www.matchwalls.com/collections/lienzos-abstractos
/collections/mas-vendidos-mural,200,1,https://www.matchwalls.com/collections/murales-mas-vendidos-mural,,,,,,no,301 https://www.matchwalls.com/collections/mas-vendidos-mural -> /collections/murales-mas-vendidos-mural | 200 https://www.matchwalls.com/collections/murales-mas-vendidos-mural
/collections/moderno-papel-pintado,404,0,https://www.matchwalls.com/collections/moderno-papel-pintado,,,,,,no,404 https://www.matchwalls.com/collections/moderno-papel-pintado
/collections/moderno-rollos,404,1,https://www.matchwalls.com/collections/moderno-papel-pintado,,,,,,no,301 https://www.matchwalls.com/collections/moderno-rollos -> /collections/moderno-papel-pintado | 404 https://www.matchwalls.com/collections/moderno-papel-pintado
/collections/muestras,404,0,https://www.matchwalls.com/collections/muestras,,,,,,no,404 https://www.matchwalls.com/collections/muestras
/collections/murales,200,0,https://www.matchwalls.com/collections/murales,,,,,,no,200 https://www.matchwalls.com/collections/murales
/collections/murales-en-amarillo,404,0,https://www.matchwalls.com/collections/murales-en-amarillo,,,,,,no,404 https://www.matchwalls.com/collections/murales-en-amarillo
/collections/murales-en-azul,404,0,https://www.matchwalls.com/collections/murales-en-azul,,,,,,no,404 https://www.matchwalls.com/collections/murales-en-azul
/collections/murales-en-beige,404,0,https://www.matchwalls.com/collections/murales-en-beige,,,,,,no,404 https://www.matchwalls.com/collections/murales-en-beige
/collections/murales-en-blanco,404,0,https://www.matchwalls.com/collections/murales-en-blanco,,,,,,no,404 https://www.matchwalls.com/collections/murales-en-blanco
/collections/murales-en-dorado,404,0,https://www.matchwalls.com/collections/murales-en-dorado,,,,,,no,404 https://www.matchwalls.com/collections/murales-en-dorado
/collections/murales-en-gris,404,0,https://www.matchwalls.com/collections/murales-en-gris,,,,,,no,404 https://www.matchwalls.com/collections/murales-en-gris
/collections/murales-en-lila,404,0,https://www.matchwalls.com/collections/murales-en-lila,,,,,,no,404 https://www.matchwalls.com/collections/murales-en-lila
/collections/murales-en-marron,404,0,https://www.matchwalls.com/collections/murales-en-marron,,,,,,no,404 https://www.matchwalls.com/collections/murales-en-marron
/collections/murales-en-multicolor,404,0,https://www.matchwalls.com/collections/murales-en-multicolor,,,,,,no,404 https://www.matchwalls.com/collections/murales-en-multicolor
/collections/murales-en-negro,404,0,https://www.matchwalls.com/collections/murales-en-negro,,,,,,no,404 https://www.matchwalls.com/collections/murales-en-negro
/collections/murales-en-plateado,404,0,https://www.matchwalls.com/collections/murales-en-plateado,,,,,,no,404 https://www.matchwalls.com/collections/murales-en-plateado
/collections/murales-en-rosa,404,0,https://www.matchwalls.com/collections/murales-en-rosa,,,,,,no,404 https://www.matchwalls.com/collections/murales-en-rosa
/collections/murales-en-verde,404,0,https://www.matchwalls.com/collections/murales-en-verde,,,,,,no,404 https://www.matchwalls.com/collections/murales-en-verde
/collections/murales-estilo-a-rayas,200,0,https://www.matchwalls.com/collections/murales-estilo-a-rayas,,,,,,no,200 https://www.matchwalls.com/collections/murales-estilo-a-rayas
/collections/murales-estilo-artistico,200,0,https://www.matchwalls.com/collections/murales-estilo-artistico,,,,,,no,200 https://www.matchwalls.com/collections/murales-estilo-artistico
/collections/murales-estilo-botanico,200,0,https://www.matchwalls.com/collections/murales-estilo-botanico,,,,,,no,200 https://www.matchwalls.com/collections/murales-estilo-botanico
/collections/murales-estilo-estructura,200,0,https://www.matchwalls.com/collections/murales-estilo-estructura,,,,,,no,200 https://www.matchwalls.com/collections/murales-estilo-estructura
/collections/murales-estilo-floral,200,0,https://www.matchwalls.com/collections/murales-estilo-floral,,,,,,no,200 https://www.matchwalls.com/collections/murales-estilo-floral
/collections/murales-estilo-geometrico,200,0,https://www.matchwalls.com/collections/murales-estilo-geometrico,,,,,,no,200 https://www.matchwalls.com/collections/murales-estilo-geometrico
/collections/murales-estilo-grafico,200,0,https://www.matchwalls.com/collections/murales-estilo-grafico,,,,,,no,200 https://www.matchwalls.com/collections/murales-estilo-grafico
/collections/murales-estilo-japones,200,0,https://www.matchwalls.com/collections/murales-estilo-japones,,,,,,no,200 https://www.matchwalls.com/collections/murales-estilo-japones
/collections/murales-estilo-maderas,200,0,https://www.matchwalls.com/collections/murales-estilo-maderas,,,,,,no,200 https://www.matchwalls.com/collections/murales-estilo-maderas
/collections/murales-estilo-marmol,200,0,https://www.matchwalls.com/collections/murales-estilo-marmol,,,,,,no,200 https://www.matchwalls.com/collections/murales-estilo-marmol
/collections/murales-estilo-naturaleza,200,0,https://www.matchwalls.com/collections/murales-estilo-naturaleza,,,,,,no,200 https://www.matchwalls.com/collections/murales-estilo-naturaleza
/collections/murales-estilo-paisajes,200,0,https://www.matchwalls.com/collections/murales-estilo-paisajes,,,,,,no,200 https://www.matchwalls.com/collections/murales-estilo-paisajes
/collections/murales-mas-vendidos-mural,200,0,https://www.matchwalls.com/collections/murales-mas-vendidos-mural,,,,,,no,200 https://www.matchwalls.com/collections/murales-mas-vendidos-mural
/collections/murales-mvp,200,1,https://www.matchwalls.com/collections/murales,,,,,,no,301 https://www.matchwalls.com/collections/murales-mvp -> /collections/murales | 200 https://www.matchwalls.com/collections/murales
/collections/murales-para-el-comedor,200,0,https://www.matchwalls.com/collections/murales-para-el-comedor,,,,,,no,200 https://www.matchwalls.com/collections/murales-para-el-comedor
/collections/murales-para-el-dormitorio,200,0,https://www.matchwalls.com/collections/murales-para-el-dormitorio,,,,,,no,200 https://www.matchwalls.com/collections/murales-para-el-dormitorio
/collections/murales-para-el-pasillo,200,0,https://www.matchwalls.com/collections/murales-para-el-pasillo,,,,,,no,200 https://www.matchwalls.com/collections/murales-para-el-pasillo
/collections/murales-para-el-salon,200,0,https://www.matchwalls.com/collections/murales-para-el-salon,,,,,,no,200 https://www.matchwalls.com/collections/murales-para-el-salon
/collections/murales-para-habitaciones-de-adolescentes,200,0,https://www.matchwalls.com/collections/murales-para-habitaciones-de-adolescentes,,,,,,no,200 https://www.matchwalls.com/collections/murales-para-habitaciones-de-adolescentes
/collections/murales-para-la-cocina,200,0,https://www.matchwalls.com/collections/murales-para-la-cocina,,,,,,no,200 https://www.matchwalls.com/collections/murales-para-la-cocina
/collections/murales-para-un-espacio-publico,200,0,https://www.matchwalls.com/collections/murales-para-un-espacio-publico,,,,,,no,200 https://www.matchwalls.com/collections/murales-para-un-espacio-publico
/collections/murales-para-una-oficina-comercial,200,0,https://www.matchwalls.com/collections/murales-para-una-oficina-comercial,,,,,,no,200 https://www.matchwalls.com/collections/murales-para-una-oficina-comercial
/collections/murales-para-una-oficina-en-casa,200,0,https://www.matchwalls.com/collections/murales-para-una-oficina-en-casa,,,,,,no,200 https://www.matchwalls.com/collections/murales-para-una-oficina-en-casa
/collections/novedades-en-papeles-pintados,200,1,https://www.matchwalls.com/collections/nuevos-matchwalls-murales,,,,,,no,301 https://www.matchwalls.com/collections/novedades-en-papeles-pintados -> /collections/nuevos-matchwalls-murales | 200 https://www.matchwalls.com/collections/nuevos-matchwalls-murales
/collections/nuevos-cuadros-matchwalls,200,1,https://www.matchwalls.com/,,,,,,no,301 https://www.matchwalls.com/collections/nuevos-cuadros-matchwalls -> / | 200 https://www.matchwalls.com/
/collections/nuevos-lienzos-matchwalls,200,1,https://www.matchwalls.com/,,,,,,no,301 https://www.matchwalls.com/collections/nuevos-lienzos-matchwalls -> / | 200 https://www.matchwalls.com/
/collections/nuevos-matchwalls-murales,200,0,https://www.matchwalls.com/collections/nuevos-matchwalls-murales,,,,,,no,200 https://www.matchwalls.com/collections/nuevos-matchwalls-murales
/collections/papel-pintado-estampado-grande,404,0,https://www.matchwalls.com/collections/papel-pintado-estampado-grande,,,,,,no,404 https://www.matchwalls.com/collections/papel-pintado-estampado-grande
/collections/papel-pintado-estampados-pequenos,200,0,https://www.matchwalls.com/collections/papel-pintado-estampados-pequenos,,,,,,no,200 https://www.matchwalls.com/collections/papel-pintado-estampados-pequenos
/collections/papel-pintado-rayas,200,1,https://www.matchwalls.com/collections/murales-estilo-a-rayas,,,,,,no,301 https://www.matchwalls.com/collections/papel-pintado-rayas -> /collections/murales-estilo-a-rayas | 200 https://www.matchwalls.com/collections/murales-estilo-a-rayas
/collections/papeles-pintados,200,1,https://www.matchwalls.com/collections/murales,,,,,,no,301 https://www.matchwalls.com/collections/papeles-pintados -> /collections/murales | 200 https://www.matchwalls.com/collections/murales
/collections/papeles-pintados-color-amarillo,200,0,https://www.matchwalls.com/collections/papeles-pintados-color-amarillo,,,,,,no,200 https://www.matchwalls.com/collections/papeles-pintados-color-amarillo
/collections/papeles-pintados-color-azul,200,0,https://www.matchwalls.com/collections/papeles-pintados-color-azul,,,,,,no,200 https://www.matchwalls.com/collections/papeles-pintados-color-azul
/collections/papeles-pintados-color-beige,200,0,https://www.matchwalls.com/collections/papeles-pintados-color-beige,,,,,,no,200 https://www.matchwalls.com/collections/papeles-pintados-color-beige
/collections/papeles-pintados-color-blanco,200,0,https://www.matchwalls.com/collections/papeles-pintados-color-blanco,,,,,,no,200 https://www.matchwalls.com/collections/papeles-pintados-color-blanco
/collections/papeles-pintados-color-blanco-y-negro,200,0,https://www.matchwalls.com/collections/papeles-pintados-color-blanco-y-negro,,,,,,no,200 https://www.matchwalls.com/collections/papeles-pintados-color-blanco-y-negro
/collections/papeles-pintados-color-dorado,200,0,https://www.matchwalls.com/collections/papeles-pintados-color-dorado,,,,,,no,200 https://www.matchwalls.com/collections/papeles-pintados-color-dorado
/collections/papeles-pintados-color-gris,200,0,https://www.matchwalls.com/collections/papeles-pintados-color-gris,,,,,,no,200 https://www.matchwalls.com/collections/papeles-pintados-color-gris
/collections/papeles-pintados-color-lila,200,0,https://www.matchwalls.com/collections/papeles-pintados-color-lila,,,,,,no,200 https://www.matchwalls.com/collections/papeles-pintados-color-lila
/collections/papeles-pintados-color-marron,200,0,https://www.matchwalls.com/collections/papeles-pintados-color-marron,,,,,,no,200 https://www.matchwalls.com/collections/papeles-pintados-color-marron
/collections/papeles-pintados-color-multicolor,200,0,https://www.matchwalls.com/collections/papeles-pintados-color-multicolor,,,,,,no,200 https://www.matchwalls.com/collections/papeles-pintados-color-multicolor
/collections/papeles-pintados-color-negro,200,0,https://www.matchwalls.com/collections/papeles-pintados-color-negro,,,,,,no,200 https://www.matchwalls.com/collections/papeles-pintados-color-negro
/collections/papeles-pintados-color-plateado,200,0,https://www.matchwalls.com/collections/papeles-pintados-color-plateado,,,,,,no,200 https://www.matchwalls.com/collections/papeles-pintados-color-plateado
/collections/papeles-pintados-color-rosa,200,0,https://www.matchwalls.com/collections/papeles-pintados-color-rosa,,,,,,no,200 https://www.matchwalls.com/collections/papeles-pintados-color-rosa
/collections/papeles-pintados-color-verde,200,0,https://www.matchwalls.com/collections/papeles-pintados-color-verde,,,,,,no,200 https://www.matchwalls.com/collections/papeles-pintados-color-verde
/collections/papeles-pintados-estilo-artistico,200,1,https://www.matchwalls.com/collections/murales-estilo-artistico,,,,,,no,301 https://www.matchwalls.com/collections/papeles-pintados-estilo-artistico -> /collections/murales-estilo-artistico | 200 https://www.matchwalls.com/collections/murales-estilo-artistico
/collections/papeles-pintados-estilo-botanico,200,1,https://www.matchwalls.com/collections/murales-estilo-botanico,,,,,,no,301 https://www.matchwalls.com/collections/papeles-pintados-estilo-botanico -> /collections/murales-estilo-botanico | 200 https://www.matchwalls.com/collections/murales-estilo-botanico
/collections/papeles-pintados-estilo-estructural,200,1,https://www.matchwalls.com/collections/murales-estilo-estructura,,,,,,no,301 https://www.matchwalls.com/collections/papeles-pintados-estilo-estructural -> /collections/murales-estilo-estructura | 200 https://www.matchwalls.com/collections/murales-estilo-estructura
/collections/papeles-pintados-estilo-floral,200,1,https://www.matchwalls.com/collections/murales-estilo-floral,,,,,,no,301 https://www.matchwalls.com/collections/papeles-pintados-estilo-floral -> /collections/murales-estilo-floral | 200 https://www.matchwalls.com/collections/murales-estilo-floral
/collections/papeles-pintados-estilo-geometrico,200,1,https://www.matchwalls.com/collections/murales-estilo-geometrico,,,,,,no,301 https://www.matchwalls.com/collections/papeles-pintados-estilo-geometrico -> /collections/murales-estilo-geometrico | 200 https://www.matchwalls.com/collections/murales-estilo-geometrico
/collections/papeles-pintados-estilo-grafico,200,1,https://www.matchwalls.com/collections/murales-estilo-grafico,,,,,,no,301 https://www.matchwalls.com/collections/papeles-pintados-estilo-grafico -> /collections/murales-estilo-grafico | 200 https://www.matchwalls.com/collections/murales-estilo-grafico
/collections/papeles-pintados-estilo-japones,200,1,https://www.matchwalls.com/collections/murales-estilo-japones,,,,,,no,301 https://www.matchwalls.com/collections/papeles-pintados-estilo-japones -> /collections/murales-estilo-japones | 200 https://www.matchwalls.com/collections/murales-estilo-japones
/collections/papeles-pintados-estilo-maderas,200,1,https://www.matchwalls.com/collections/murales-estilo-maderas,,,,,,no,301 https://www.matchwalls.com/collections/papeles-pintados-estilo-maderas -> /collections/murales-estilo-maderas | 200 https://www.matchwalls.com/collections/murales-estilo-maderas
/collections/papeles-pintados-estilo-marmol,200,1,https://www.matchwalls.com/collections/murales-estilo-marmol,,,,,,no,301 https://www.matchwalls.com/collections/papeles-pintados-estilo-marmol -> /collections/murales-estilo-marmol | 200 https://www.matchwalls.com/collections/murales-estilo-marmol
/collections/papeles-pintados-estilo-naturaleza,200,1,https://www.matchwalls.com/collections/murales-estilo-naturaleza,,,,,,no,301 https://www.matchwalls.com/collections/papeles-pintados-estilo-naturaleza -> /collections/murales-estilo-naturaleza | 200 https://www.matchwalls.com/collections/murales-estilo-naturaleza
/collections/papeles-pintados-estilo-paisaje,ERROR,0,https://www.matchwalls.com/collections/papeles-pintados-estilo-paisaje,,,,,,no,ERROR https://www.matchwalls.com/collections/papeles-pintados-estilo-paisaje ERROR <urlopen error _ssl.c:989: The handshake operation timed out>
/collections/papeles-pintados-infantiles,200,1,https://www.matchwalls.com/collections/kids-murales,,,,,,no,301 https://www.matchwalls.com/collections/papeles-pintados-infantiles -> /collections/kids-murales | 200 https://www.matchwalls.com/collections/kids-murales
/collections/papeles-pintados-old,200,1,https://www.matchwalls.com/collections/murales,,,,,,no,301 https://www.matchwalls.com/collections/papeles-pintados-old -> /collections/murales | 200 https://www.matchwalls.com/collections/murales
/collections/papeles-pintados-para-adolescentes,200,1,https://www.matchwalls.com/collections/murales-para-habitaciones-de-adolescentes,,,,,,no,301 https://www.matchwalls.com/collections/papeles-pintados-para-adolescentes -> /collections/murales-para-habitaciones-de-adolescentes | 200 https://www.matchwalls.com/collections/murales-para-habitaciones-de-adolescentes
/collections/papeles-pintados-para-el-comedor,200,1,https://www.matchwalls.com/collections/murales-para-el-comedor,,,,,,no,301 https://www.matchwalls.com/collections/papeles-pintados-para-el-comedor -> /collections/murales-para-el-comedor | 200 https://www.matchwalls.com/collections/murales-para-el-comedor
/collections/papeles-pintados-para-el-dormitorio,200,1,https://www.matchwalls.com/collections/murales-para-el-dormitorio,,,,,,no,301 https://www.matchwalls.com/collections/papeles-pintados-para-el-dormitorio -> /collections/murales-para-el-dormitorio | 200 https://www.matchwalls.com/collections/murales-para-el-dormitorio
/collections/papeles-pintados-para-el-pasillo,200,1,https://www.matchwalls.com/collections/murales-para-el-pasillo,,,,,,no,301 https://www.matchwalls.com/collections/papeles-pintados-para-el-pasillo -> /collections/murales-para-el-pasillo | 200 https://www.matchwalls.com/collections/murales-para-el-pasillo
/collections/papeles-pintados-para-el-salon,200,1,https://www.matchwalls.com/collections/murales-para-el-salon,,,,,,no,301 https://www.matchwalls.com/collections/papeles-pintados-para-el-salon -> /collections/murales-para-el-salon | 200 https://www.matchwalls.com/collections/murales-para-el-salon
/collections/papeles-pintados-para-espacio-publico,200,1,https://www.matchwalls.com/collections/murales-para-un-espacio-publico,,,,,,no,301 https://www.matchwalls.com/collections/papeles-pintados-para-espacio-publico -> /collections/murales-para-un-espacio-publico | 200 https://www.matchwalls.com/collections/murales-para-un-espacio-publico
/collections/papeles-pintados-para-la-cocina,200,1,https://www.matchwalls.com/collections/murales-para-la-cocina,,,,,,no,301 https://www.matchwalls.com/collections/papeles-pintados-para-la-cocina -> /collections/murales-para-la-cocina | 200 https://www.matchwalls.com/collections/murales-para-la-cocina
/collections/papeles-pintados-para-una-oficina-comercial,200,1,https://www.matchwalls.com/collections/murales-para-una-oficina-comercial,,,,,,no,301 https://www.matchwalls.com/collections/papeles-pintados-para-una-oficina-comercial -> /collections/murales-para-una-oficina-comercial | 200 https://www.matchwalls.com/collections/murales-para-una-oficina-comercial
/collections/papeles-pintados-para-una-oficina-en-casa,200,1,https://www.matchwalls.com/collections/murales-para-una-oficina-en-casa,,,,,,no,301 https://www.matchwalls.com/collections/papeles-pintados-para-una-oficina-en-casa -> /collections/murales-para-una-oficina-en-casa | 200 https://www.matchwalls.com/collections/murales-para-una-oficina-en-casa
/collections/patrones-grandes-rollos,404,1,https://www.matchwalls.com/collections/papel-pintado-estampado-grande,,,,,,no,301 https://www.matchwalls.com/collections/patrones-grandes-rollos -> /collections/papel-pintado-estampado-grande | 404 https://www.matchwalls.com/collections/papel-pintado-estampado-grande
/collections/patrones-pequenos-rollos,200,1,https://www.matchwalls.com/collections/papel-pintado-estampados-pequenos,,,,,,no,301 https://www.matchwalls.com/collections/patrones-pequenos-rollos -> /collections/papel-pintado-estampados-pequenos | 200 https://www.matchwalls.com/collections/papel-pintado-estampados-pequenos
/collections/rayas-rollos,200,2,https://www.matchwalls.com/collections/murales-estilo-a-rayas,,,,,,no,301 https://www.matchwalls.com/collections/rayas-rollos -> /collections/papel-pintado-rayas | 301 https://www.matchwalls.com/collections/papel-pintado-rayas -> /collections/murales-estilo-a-rayas | 200 https://www.matchwalls.com/collections/murales-estilo-a-rayas
/collections/semi-lisos-papel-pintado,404,0,https://www.matchwalls.com/collections/semi-lisos-papel-pintado,,,,,,no,404 https://www.matchwalls.com/collections/semi-lisos-papel-pintado
/collections/semi-lisos-rollos,404,1,https://www.matchwalls.com/collections/semi-lisos-papel-pintado,,,,,,no,301 https://www.matchwalls.com/collections/semi-lisos-rollos -> /collections/semi-lisos-papel-pintado | 404 https://www.matchwalls.com/collections/semi-lisos-papel-pintado
/en,200,0,https://www.matchwalls.com/en,,,,,,no,200 https://www.matchwalls.com/en
/en/collections/all-matchwallsmurals-murals,200,0,https://www.matchwalls.com/en/collections/all-matchwallsmurals-murals,,,,,,no,200 https://www.matchwalls.com/en/collections/all-matchwallsmurals-murals
/en/collections/black-murals-matchwallsmurals,200,1,https://www.matchwalls.com/en/collections/black-painted-papers-matchwallswallpapers,,,,,,no,301 https://www.matchwalls.com/en/collections/black-murals-matchwallsmurals -> /en/collections/black-painted-papers-matchwallswallpapers | 200 https://www.matchwalls.com/en/collections/black-painted-papers-matchwallswallpapers
/en/collections/black-painted-papers-matchwallswallpapers,200,0,https://www.matchwalls.com/en/collections/black-painted-papers-matchwallswallpapers,,,,,,no,200 https://www.matchwalls.com/en/collections/black-painted-papers-matchwallswallpapers
/en/collections/matchwalls-painted-papers-matchwallswallpapers,200,1,https://www.matchwalls.com/en/collections/all-matchwallsmurals-murals,,,,,,no,301 https://www.matchwalls.com/en/collections/matchwalls-painted-papers-matchwallswallpapers -> /en/collections/all-matchwallsmurals-murals | 200 https://www.matchwalls.com/en/collections/all-matchwallsmurals-murals
/fr/collections/bedroom-murals-matchwallsmurals,200,1,https://www.matchwalls.com/fr/collections/peintures-murales-de-chambre-matchwallsmurals,,,,,,no,301 https://www.matchwalls.com/fr/collections/bedroom-murals-matchwallsmurals -> https://www.matchwalls.com/fr/collections/peintures-murales-de-chambre-matchwallsmurals | 200 https://www.matchwalls.com/fr/collections/peintures-murales-de-chambre-matchwallsmurals
/fr/collections/bedroom-painted-papers-matchwallswallpa,200,2,https://www.matchwalls.com/fr/collections/peintures-murales-de-chambre-matchwallsmurals,,,,,,no,301 https://www.matchwalls.com/fr/collections/bedroom-painted-papers-matchwallswallpa -> /fr/collections/bedroom-murals-matchwallsmurals | 301 https://www.matchwalls.com/fr/collections/bedroom-murals-matchwallsmurals -> https://www.matchwalls.com/fr/collections/peintures-murales-de-chambre-matchwallsmurals | 200 https://www.matchwalls.com/fr/collections/peintures-murales-de-chambre-matchwallsmurals
/fr/collections/documents-peints-de-la-nature-matchwallswallpapers,200,1,https://www.matchwalls.com/fr/collections/peintures-murales-de-la-nature-matchwallsmurals,,,,,,no,301 https://www.matchwalls.com/fr/collections/documents-peints-de-la-nature-matchwallswallpapers -> /fr/collections/peintures-murales-de-la-nature-matchwallsmurals | 200 https://www.matchwalls.com/fr/collections/peintures-murales-de-la-nature-matchwallsmurals
/fr/collections/documents-peints-graphiques-matchwallswallpapers,200,1,https://www.matchwalls.com/fr/collections/peintures-murales-graphiques-matchwallsmurals,,,,,,no,301 https://www.matchwalls.com/fr/collections/documents-peints-graphiques-matchwallswallpapers -> /fr/collections/peintures-murales-graphiques-matchwallsmurals | 200 https://www.matchwalls.com/fr/collections/peintures-murales-graphiques-matchwallsmurals
/fr/collections/floral-murals-matchwallsmurals,200,1,https://www.matchwalls.com/fr/collections/peintures-murales-florales-matchwallsmurals,,,,,,no,301 https://www.matchwalls.com/fr/collections/floral-murals-matchwallsmurals -> https://www.matchwalls.com/fr/collections/peintures-murales-florales-matchwallsmurals | 200 https://www.matchwalls.com/fr/collections/peintures-murales-florales-matchwallsmurals
/fr/collections/floral-painted-papers-matchwallswallspapers,200,2,https://www.matchwalls.com/fr/collections/peintures-murales-florales-matchwallsmurals,,,,,,no,301 https://www.matchwalls.com/fr/collections/floral-painted-papers-matchwallswallspapers -> /fr/collections/floral-murals-matchwallsmurals | 301 https://www.matchwalls.com/fr/collections/floral-murals-matchwallsmurals -> https://www.matchwalls.com/fr/collections/peintures-murales-florales-matchwallsmurals | 200 https://www.matchwalls.com/fr/collections/peintures-murales-florales-matchwallsmurals
/fr/collections/geometric-murals-matchwallsmurs,200,1,https://www.matchwalls.com/fr/collections/peintures-murales-geometriques-matchwallsmurs,,,,,,no,301 https://www.matchwalls.com/fr/collections/geometric-murals-matchwallsmurs -> https://www.matchwalls.com/fr/collections/peintures-murales-geometriques-matchwallsmurs | 200 https://www.matchwalls.com/fr/collections/peintures-murales-geometriques-matchwallsmurs
/fr/collections/geometric-paints-matchwalswallpapers,200,2,https://www.matchwalls.com/fr/collections/peintures-murales-geometriques-matchwallsmurs,,,,,,no,301 https://www.matchwalls.com/fr/collections/geometric-paints-matchwalswallpapers -> /fr/collections/geometric-murals-matchwallsmurs | 301 https://www.matchwalls.com/fr/collections/geometric-murals-matchwallsmurs -> https://www.matchwalls.com/fr/collections/peintures-murales-geometriques-matchwallsmurs | 200 https://www.matchwalls.com/fr/collections/peintures-murales-geometriques-matchwallsmurs
/fr/collections/graphical-murals-matchwallsmurals,200,1,https://www.matchwalls.com/fr/collections/peintures-murales-graphiques-matchwallsmurals,,,,,,no,301 https://www.matchwalls.com/fr/collections/graphical-murals-matchwallsmurals -> https://www.matchwalls.com/fr/collections/peintures-murales-graphiques-matchwallsmurals | 200 https://www.matchwalls.com/fr/collections/peintures-murales-graphiques-matchwallsmurals
/fr/collections/japanese-murals-matchwallsmurals,200,1,https://www.matchwalls.com/fr/collections/peintures-murales-japonaises-matchwallsmurals,,,,,,no,301 https://www.matchwalls.com/fr/collections/japanese-murals-matchwallsmurals -> https://www.matchwalls.com/fr/collections/peintures-murales-japonaises-matchwallsmurals | 200 https://www.matchwalls.com/fr/collections/peintures-murales-japonaises-matchwallsmurals
/fr/collections/japanese-painted-papers-matchwallswallpapers,200,2,https://www.matchwalls.com/fr/collections/peintures-murales-japonaises-matchwallsmurals,,,,,,no,301 https://www.matchwalls.com/fr/collections/japanese-painted-papers-matchwallswallpapers -> /fr/collections/japanese-murals-matchwallsmurals | 301 https://www.matchwalls.com/fr/collections/japanese-murals-matchwallsmurals -> https://www.matchwalls.com/fr/collections/peintures-murales-japonaises-matchwallsmurals | 200 https://www.matchwalls.com/fr/collections/peintures-murales-japonaises-matchwallsmurals
/fr/collections/kitchen-murals-matchwallsmurals,200,1,https://www.matchwalls.com/fr/collections/mindicules-de-cuisine-matchwallsmurals,,,,,,no,301 https://www.matchwalls.com/fr/collections/kitchen-murals-matchwallsmurals -> https://www.matchwalls.com/fr/collections/mindicules-de-cuisine-matchwallsmurals | 200 https://www.matchwalls.com/fr/collections/mindicules-de-cuisine-matchwallsmurals
/fr/collections/marbre-papeles-peint-matchwallswallpa,200,1,https://www.matchwalls.com/fr/collections/murale-murale-matchwallsmurals,,,,,,no,301 https://www.matchwalls.com/fr/collections/marbre-papeles-peint-matchwallswallpa -> /fr/collections/murale-murale-matchwallsmurals | 200 https://www.matchwalls.com/fr/collections/murale-murale-matchwallsmurals
/fr/collections/math-muross-matchwallsmaderas-12,200,0,https://www.matchwalls.com/fr/collections/math-muross-matchwallsmaderas-12,,,,,,no,200 https://www.matchwalls.com/fr/collections/math-muross-matchwallsmaderas-12
/fr/collections/mural-for-teenage-rooms-matchwallsmurals,200,1,https://www.matchwalls.com/fr/collections/peinture-murale-pour-les-salles-dadolescents-matchwallsmurals,,,,,,no,301 https://www.matchwalls.com/fr/collections/mural-for-teenage-rooms-matchwallsmurals -> https://www.matchwalls.com/fr/collections/peinture-murale-pour-les-salles-dadolescents-matchwallsmurals | 200 https://www.matchwalls.com/fr/collections/peinture-murale-pour-les-salles-dadolescents-matchwallsmurals
/fr/collections/mural-for-the-matchwallsmurals-dining-room,200,1,https://www.matchwalls.com/fr/collections/murale-pour-la-salle-a-manger-matchwallsmurals,,,,,,no,301 https://www.matchwalls.com/fr/collections/mural-for-the-matchwallsmurals-dining-room -> https://www.matchwalls.com/fr/collections/murale-pour-la-salle-a-manger-matchwallsmurals | 200 https://www.matchwalls.com/fr/collections/murale-pour-la-salle-a-manger-matchwallsmurals
/fr/collections/mural-mural-matchwallsmurals,200,1,https://www.matchwalls.com/fr/collections/murale-murale-matchwallsmurals,,,,,,no,301 https://www.matchwalls.com/fr/collections/mural-mural-matchwallsmurals -> https://www.matchwalls.com/fr/collections/murale-murale-matchwallsmurals | 200 https://www.matchwalls.com/fr/collections/murale-murale-matchwallsmurals
/fr/collections/mural-murals-matchwallsmurals,404,0,https://www.matchwalls.com/fr/collections/mural-murals-matchwallsmurals,,,,,,no,404 https://www.matchwalls.com/fr/collections/mural-murals-matchwallsmurals
/fr/collections/murale-murale-matchwallsmurals,200,0,https://www.matchwalls.com/fr/collections/murale-murale-matchwallsmurals,,,,,,no,200 https://www.matchwalls.com/fr/collections/murale-murale-matchwallsmurals
/fr/collections/murals-for-the-matchwallsmurals-room,200,1,https://www.matchwalls.com/fr/collections/peintures-murales-pour-la-salle-matchwallsmurals,,,,,,no,301 https://www.matchwalls.com/fr/collections/murals-for-the-matchwallsmurals-room -> https://www.matchwalls.com/fr/collections/peintures-murales-pour-la-salle-matchwallsmurals | 200 https://www.matchwalls.com/fr/collections/peintures-murales-pour-la-salle-matchwallsmurals
/fr/collections/nature-murals-matchwallsmurals,200,1,https://www.matchwalls.com/fr/collections/peintures-murales-de-la-nature-matchwallsmurals,,,,,,no,301 https://www.matchwalls.com/fr/collections/nature-murals-matchwallsmurals -> https://www.matchwalls.com/fr/collections/peintures-murales-de-la-nature-matchwallsmurals | 200 https://www.matchwalls.com/fr/collections/peintures-murales-de-la-nature-matchwallsmurals
/fr/collections/nature-painted-papers-matchwallswallpapers,200,2,https://www.matchwalls.com/fr/collections/peintures-murales-de-la-nature-matchwallsmurals,,,,,,no,301 https://www.matchwalls.com/fr/collections/nature-painted-papers-matchwallswallpapers -> /fr/collections/nature-murals-matchwallsmurals | 301 https://www.matchwalls.com/fr/collections/nature-murals-matchwallsmurals -> https://www.matchwalls.com/fr/collections/peintures-murales-de-la-nature-matchwallsmurals | 200 https://www.matchwalls.com/fr/collections/peintures-murales-de-la-nature-matchwallsmurals
/fr/collections/painted-adolescents-matchwallswallpapers,200,2,https://www.matchwalls.com/fr/collections/peinture-murale-pour-les-salles-dadolescents-matchwallsmurals,,,,,,no,301 https://www.matchwalls.com/fr/collections/painted-adolescents-matchwallswallpapers -> /fr/collections/mural-for-teenage-rooms-matchwallsmurals | 301 https://www.matchwalls.com/fr/collections/mural-for-teenage-rooms-matchwallsmurals -> https://www.matchwalls.com/fr/collections/peinture-murale-pour-les-salles-dadolescents-matchwallsmurals | 200 https://www.matchwalls.com/fr/collections/peinture-murale-pour-les-salles-dadolescents-matchwallsmurals
/fr/collections/painted-dining-papers-matchwallswallpapers,ERROR,2,https://www.matchwalls.com/fr/collections/murale-pour-la-salle-a-manger-matchwallsmurals,,,,,,no,301 https://www.matchwalls.com/fr/collections/painted-dining-papers-matchwallswallpapers -> /fr/collections/mural-for-the-matchwallsmurals-dining-room | 301 https://www.matchwalls.com/fr/collections/mural-for-the-matchwallsmurals-dining-room -> https://www.matchwalls.com/fr/collections/murale-pour-la-salle-a-manger-matchwallsmurals | ERROR https://www.matchwalls.com/fr/collections/murale-pour-la-salle-a-manger-matchwallsmurals ERROR <urlopen error _ssl.c:989: The handshake operation timed out>
/fr/collections/painted-papeles-marble-matchwallswallpa,200,2,https://www.matchwalls.com/fr/collections/murale-murale-matchwallsmurals,,,,,,no,301 https://www.matchwalls.com/fr/collections/painted-papeles-marble-matchwallswallpa -> /fr/collections/mural-mural-matchwallsmurals | 301 https://www.matchwalls.com/fr/collections/mural-mural-matchwallsmurals -> https://www.matchwalls.com/fr/collections/murale-murale-matchwallsmurals | 200 https://www.matchwalls.com/fr/collections/murale-murale-matchwallsmurals
/fr/collections/painted-papers-baller-matchwallswallpapers,404,1,https://www.matchwalls.com/fr/collections/mural-murals-matchwallsmurals,,,,,,no,301 https://www.matchwalls.com/fr/collections/painted-papers-baller-matchwallswallpapers -> /fr/collections/mural-murals-matchwallsmurals | 404 https://www.matchwalls.com/fr/collections/mural-murals-matchwallsmurals
/fr/collections/painted-papers-graphic-matchwallswallpapers-1,200,2,https://www.matchwalls.com/fr/collections/peintures-murales-graphiques-matchwallsmurals,,,,,,no,301 https://www.matchwalls.com/fr/collections/painted-papers-graphic-matchwallswallpapers-1 -> /fr/collections/graphical-murals-matchwallsmurals | 301 https://www.matchwalls.com/fr/collections/graphical-murals-matchwallsmurals -> https://www.matchwalls.com/fr/collections/peintures-murales-graphiques-matchwallsmurals | 200 https://www.matchwalls.com/fr/collections/peintures-murales-graphiques-matchwallsmurals
/fr/collections/painted-papers-kitchen-matchwallswallpapers,200,2,https://www.matchwalls.com/fr/collections/mindicules-de-cuisine-matchwallsmurals,,,,,,no,301 https://www.matchwalls.com/fr/collections/painted-papers-kitchen-matchwallswallpapers -> /fr/collections/kitchen-murals-matchwallsmurals | 301 https://www.matchwalls.com/fr/collections/kitchen-murals-matchwallsmurals -> https://www.matchwalls.com/fr/collections/mindicules-de-cuisine-matchwallsmurals | 200 https://www.matchwalls.com/fr/collections/mindicules-de-cuisine-matchwallsmurals
/fr/collections/painted-papers-matchwallswallpapers,200,2,https://www.matchwalls.com/fr/collections/peintures-murales-pour-la-salle-matchwallsmurals,,,,,,no,301 https://www.matchwalls.com/fr/collections/painted-papers-matchwallswallpapers -> /fr/collections/murals-for-the-matchwallsmurals-room | 301 https://www.matchwalls.com/fr/collections/murals-for-the-matchwallsmurals-room -> https://www.matchwalls.com/fr/collections/peintures-murales-pour-la-salle-matchwallsmurals | 200 https://www.matchwalls.com/fr/collections/peintures-murales-pour-la-salle-matchwallsmurals
/fr/collections/papier-peint-matchwallswallpapers,200,1,https://www.matchwalls.com/fr/collections/rayons-muraux-matchwallsmurals,,,,,,no,301 https://www.matchwalls.com/fr/collections/papier-peint-matchwallswallpapers -> /fr/collections/rayons-muraux-matchwallsmurals | 200 https://www.matchwalls.com/fr/collections/rayons-muraux-matchwallsmurals
/fr/collections/papiers-en-bois-peint-matchwallswallpapers,200,1,https://www.matchwalls.com/fr/collections/math-muross-matchwallsmaderas-12,,,,,,no,301 https://www.matchwalls.com/fr/collections/papiers-en-bois-peint-matchwallswallpapers -> /fr/collections/math-muross-matchwallsmaderas-12 | 200 https://www.matchwalls.com/fr/collections/math-muross-matchwallsmaderas-12
/fr/collections/papiers-peints-a-floral-matchwallswallspapers,200,1,https://www.matchwalls.com/fr/collections/peintures-murales-florales-matchwallsmurals,,,,,,no,301 https://www.matchwalls.com/fr/collections/papiers-peints-a-floral-matchwallswallspapers -> /fr/collections/peintures-murales-florales-matchwallsmurals | 200 https://www.matchwalls.com/fr/collections/peintures-murales-florales-matchwallsmurals
/fr/collections/papiers-peints-botaniques-matchwallswallpapers,200,1,https://www.matchwalls.com/fr/collections/peintures-murales-botaniques-matchwallsmurals,,,,,,no,301 https://www.matchwalls.com/fr/collections/papiers-peints-botaniques-matchwallswallpapers -> /fr/collections/peintures-murales-botaniques-matchwallsmurals | 200 https://www.matchwalls.com/fr/collections/peintures-murales-botaniques-matchwallsmurals
/fr/collections/papiers-peints-japonais-matchwallswallpapers,200,1,https://www.matchwalls.com/fr/collections/peintures-murales-japonaises-matchwallsmurals,,,,,,no,301 https://www.matchwalls.com/fr/collections/papiers-peints-japonais-matchwallswallpapers -> /fr/collections/peintures-murales-japonaises-matchwallsmurals | 200 https://www.matchwalls.com/fr/collections/peintures-murales-japonaises-matchwallsmurals
/fr/collections/papinons-peints-paysages-matchwallswallpapers,200,1,https://www.matchwalls.com/fr/collections/paysages-muraux-matchwallsmurals,,,,,,no,301 https://www.matchwalls.com/fr/collections/papinons-peints-paysages-matchwallswallpapers -> /fr/collections/paysages-muraux-matchwallsmurals | 200 https://www.matchwalls.com/fr/collections/paysages-muraux-matchwallsmurals
/fr/collections/paysages-muraux-matchwallsmurals,200,0,https://www.matchwalls.com/fr/collections/paysages-muraux-matchwallsmurals,,,,,,no,200 https://www.matchwalls.com/fr/collections/paysages-muraux-matchwallsmurals
/fr/collections/peintures-geometriques-matchwalswallpapers,200,1,https://www.matchwalls.com/fr/collections/peintures-murales-geometriques-matchwallsmurs,,,,,,no,301 https://www.matchwalls.com/fr/collections/peintures-geometriques-matchwalswallpapers -> /fr/collections/peintures-murales-geometriques-matchwallsmurs | 200 https://www.matchwalls.com/fr/collections/peintures-murales-geometriques-matchwallsmurs
/fr/collections/peintures-murales-botaniques-matchwallsmurals,200,0,https://www.matchwalls.com/fr/collections/peintures-murales-botaniques-matchwallsmurals,,,,,,no,200 https://www.matchwalls.com/fr/collections/peintures-murales-botaniques-matchwallsmurals
/fr/collections/peintures-murales-de-la-nature-matchwallsmurals,200,0,https://www.matchwalls.com/fr/collections/peintures-murales-de-la-nature-matchwallsmurals,,,,,,no,200 https://www.matchwalls.com/fr/collections/peintures-murales-de-la-nature-matchwallsmurals
/fr/collections/peintures-murales-florales-matchwallsmurals,200,0,https://www.matchwalls.com/fr/collections/peintures-murales-florales-matchwallsmurals,,,,,,no,200 https://www.matchwalls.com/fr/collections/peintures-murales-florales-matchwallsmurals
/fr/collections/peintures-murales-geometriques-matchwallsmurs,200,0,https://www.matchwalls.com/fr/collections/peintures-murales-geometriques-matchwallsmurs,,,,,,no,200 https://www.matchwalls.com/fr/collections/peintures-murales-geometriques-matchwallsmurs
/fr/collections/peintures-murales-graphiques-matchwallsmurals,200,0,https://www.matchwalls.com/fr/collections/peintures-murales-graphiques-matchwallsmurals,,,,,,no,200 https://www.matchwalls.com/fr/collections/peintures-murales-graphiques-matchwallsmurals
/fr/collections/peintures-murales-japonaises-matchwallsmurals,200,0,https://www.matchwalls.com/fr/collections/peintures-murales-japonaises-matchwallsmurals,,,,,,no,200 https://www.matchwalls.com/fr/collections/peintures-murales-japonaises-matchwallsmurals
/fr/collections/rayons-muraux-matchwallsmurals,200,0,https://www.matchwalls.com/fr/collections/rayons-muraux-matchwallsmurals,,,,,,no,200 https://www.matchwalls.com/fr/collections/rayons-muraux-matchwallsmurals
/fr/collections/rays-mural-matchwallsmurals-1,200,1,https://www.matchwalls.com/fr/collections/rayons-muraux-matchwallsmurals,,,,,,no,301 https://www.matchwalls.com/fr/collections/rays-mural-matchwallsmurals-1 -> https://www.matchwalls.com/fr/collections/rayons-muraux-matchwallsmurals | 200 https://www.matchwalls.com/fr/collections/rayons-muraux-matchwallsmurals
/fr/collections/wall-paper-matchwallswallpapers,200,2,https://www.matchwalls.com/fr/collections/rayons-muraux-matchwallsmurals,,,,,,no,301 https://www.matchwalls.com/fr/collections/wall-paper-matchwallswallpapers -> /fr/collections/rays-mural-matchwallsmurals-1 | 301 https://www.matchwalls.com/fr/collections/rays-mural-matchwallsmurals-1 -> https://www.matchwalls.com/fr/collections/rayons-muraux-matchwallsmurals | 200 https://www.matchwalls.com/fr/collections/rayons-muraux-matchwallsmurals
/no/collections/bla-lerreter-matchwallsartprints,200,1,https://www.matchwalls.com/,,,,,,no,301 https://www.matchwalls.com/no/collections/bla-lerreter-matchwallsartprints -> / | 200 https://www.matchwalls.com/
/no/collections/maleri-landskap-matchwallsmurals,200,1,https://www.matchwalls.com/,,,,,,no,301 https://www.matchwalls.com/no/collections/maleri-landskap-matchwallsmurals -> / | 200 https://www.matchwalls.com/
/no/collections/malte-papirer-kjokken-matchwallswallpapers?page=2,ERROR,0,https://www.matchwalls.com/no/collections/malte-papirer-kjokken-matchwallswallpapers?page=2,,,,,,no,ERROR https://www.matchwalls.com/no/collections/malte-papirer-kjokken-matchwallswallpapers?page=2 ERROR <urlopen error _ssl.c:989: The handshake operation timed out>
/no/collections/tabeller-og-lerreter-kommersielle-kontor-matchwallsartprints,200,1,https://www.matchwalls.com/,,,,,,no,301 https://www.matchwalls.com/no/collections/tabeller-og-lerreter-kommersielle-kontor-matchwallsartprints -> / | 200 https://www.matchwalls.com/
/no/collections/tegning-av-bilder-matchwallartprints,200,1,https://www.matchwalls.com/,,,,,,no,301 https://www.matchwalls.com/no/collections/tegning-av-bilder-matchwallartprints -> / | 200 https://www.matchwalls.com/
/no/pages/installasjonsveiledning,200,1,https://www.matchwalls.com/,,,,,,no,301 https://www.matchwalls.com/no/pages/installasjonsveiledning -> / | 200 https://www.matchwalls.com/
/no/pages/lag-din-egen-tapetrulle,200,1,https://www.matchwalls.com/,,,,,,no,301 https://www.matchwalls.com/no/pages/lag-din-egen-tapetrulle -> / | 200 https://www.matchwalls.com/
/no/pages/lag-ditt-eget-kunstutskrift,200,1,https://www.matchwalls.com/,,,,,,no,301 https://www.matchwalls.com/no/pages/lag-ditt-eget-kunstutskrift -> / | 200 https://www.matchwalls.com/
/no/pages/lag-ditt-eget-veggmaleri,200,1,https://www.matchwalls.com/,,,,,,no,301 https://www.matchwalls.com/no/pages/lag-ditt-eget-veggmaleri -> / | 200 https://www.matchwalls.com/
/no/pages/matchwalls-gavekort,200,1,https://www.matchwalls.com/,,,,,,no,301 https://www.matchwalls.com/no/pages/matchwalls-gavekort -> / | 200 https://www.matchwalls.com/
/no/products/barcelona-92-nostalgi-club,200,1,https://www.matchwalls.com/,,,,,,no,301 https://www.matchwalls.com/no/products/barcelona-92-nostalgi-club -> / | 200 https://www.matchwalls.com/
/no/products/bomullskarton-striper-rosa-prove,200,1,https://www.matchwalls.com/,,,,,,no,301 https://www.matchwalls.com/no/products/bomullskarton-striper-rosa-prove -> / | 200 https://www.matchwalls.com/
/no/products/elegant-hvit-murstein-hvit,200,1,https://www.matchwalls.com/,,,,,,no,301 https://www.matchwalls.com/no/products/elegant-hvit-murstein-hvit -> / | 200 https://www.matchwalls.com/
/no/products/flerfargede-veggmalerier-opptar-aktorveggmaleriprove,200,1,https://www.matchwalls.com/,,,,,,no,301 https://www.matchwalls.com/no/products/flerfargede-veggmalerier-opptar-aktorveggmaleriprove -> / | 200 https://www.matchwalls.com/
/no/products/geometrisk-illusjon-blanco,200,1,https://www.matchwalls.com/,,,,,,no,301 https://www.matchwalls.com/no/products/geometrisk-illusjon-blanco -> / | 200 https://www.matchwalls.com/
/no/products/gronn-pels,200,1,https://www.matchwalls.com/,,,,,,no,301 https://www.matchwalls.com/no/products/gronn-pels -> / | 200 https://www.matchwalls.com/
/no/products/gronne-fliser-ceraminc-1,200,1,https://www.matchwalls.com/,,,,,,no,301 https://www.matchwalls.com/no/products/gronne-fliser-ceraminc-1 -> / | 200 https://www.matchwalls.com/
/no/products/host-eik-planker-brun,200,1,https://www.matchwalls.com/,,,,,,no,301 https://www.matchwalls.com/no/products/host-eik-planker-brun -> / | 200 https://www.matchwalls.com/
/no/products/ibenholt-tre-spor-svart,200,1,https://www.matchwalls.com/,,,,,,no,301 https://www.matchwalls.com/no/products/ibenholt-tre-spor-svart -> / | 200 https://www.matchwalls.com/
/no/products/inspirerende-striper-rosa,200,1,https://www.matchwalls.com/,,,,,,no,301 https://www.matchwalls.com/no/products/inspirerende-striper-rosa -> / | 200 https://www.matchwalls.com/
/no/products/kastanje-lund-brun,200,1,https://www.matchwalls.com/,,,,,,no,301 https://www.matchwalls.com/no/products/kastanje-lund-brun -> / | 200 https://www.matchwalls.com/
/no/products/lineaer-dynamikk-rosa-prove,200,1,https://www.matchwalls.com/,,,,,,no,301 https://www.matchwalls.com/no/products/lineaer-dynamikk-rosa-prove -> / | 200 https://www.matchwalls.com/
/no/products/pop-paisley-blue-5,200,1,https://www.matchwalls.com/,,,,,,no,301 https://www.matchwalls.com/no/products/pop-paisley-blue-5 -> / | 200 https://www.matchwalls.com/
/no/products/rosa-eleganse-abstrakt-prove,200,1,https://www.matchwalls.com/,,,,,,no,301 https://www.matchwalls.com/no/products/rosa-eleganse-abstrakt-prove -> / | 200 https://www.matchwalls.com/
/no/products/rosa-lineaer-kontrast,200,1,https://www.matchwalls.com/,,,,,,no,301 https://www.matchwalls.com/no/products/rosa-lineaer-kontrast -> / | 200 https://www.matchwalls.com/
/no/products/sakura-verde,200,1,https://www.matchwalls.com/,,,,,,no,301 https://www.matchwalls.com/no/products/sakura-verde -> / | 200 https://www.matchwalls.com/
/no/products/soloppgang-geometrisk-rosa,200,1,https://www.matchwalls.com/,,,,,,no,301 https://www.matchwalls.com/no/products/soloppgang-geometrisk-rosa -> / | 200 https://www.matchwalls.com/
/no/products/stigende-kraner-azul-1,200,1,https://www.matchwalls.com/,,,,,,no,301 https://www.matchwalls.com/no/products/stigende-kraner-azul-1 -> / | 200 https://www.matchwalls.com/
/no/products/svart-og-hvitt-beskyttet-veiprove,200,1,https://www.matchwalls.com/,,,,,,no,301 https://www.matchwalls.com/no/products/svart-og-hvitt-beskyttet-veiprove -> / | 200 https://www.matchwalls.com/
/no/products/uberort-hvit-murstein-hvit-prove,200,1,https://www.matchwalls.com/,,,,,,no,301 https://www.matchwalls.com/no/products/uberort-hvit-murstein-hvit-prove -> / | 200 https://www.matchwalls.com/
/no/products/urban-sketch-brown-6,200,1,https://www.matchwalls.com/,,,,,,no,301 https://www.matchwalls.com/no/products/urban-sketch-brown-6 -> / | 200 https://www.matchwalls.com/
/pages/como-tomar-medidas-paredes-y-techos-boton,200,1,https://www.matchwalls.com/pages/medidas-paredes,,,,,,no,301 https://www.matchwalls.com/pages/como-tomar-medidas-paredes-y-techos-boton -> /pages/medidas-paredes | 200 https://www.matchwalls.com/pages/medidas-paredes
/pages/facade-variants/test,200,1,https://www.matchwalls.com/,,,,,,no,301 https://www.matchwalls.com/pages/facade-variants/test -> / | 200 https://www.matchwalls.com/
/pages/medidas-paredes,200,0,https://www.matchwalls.com/pages/medidas-paredes,,,,,,no,200 https://www.matchwalls.com/pages/medidas-paredes
/pages/medidas-paredes-techos,200,1,https://www.matchwalls.com/pages/medidas-paredes,,,,,,no,301 https://www.matchwalls.com/pages/medidas-paredes-techos -> /pages/medidas-paredes | 200 https://www.matchwalls.com/pages/medidas-paredes
/pages/sobre-nosotros,200,0,https://www.matchwalls.com/pages/sobre-nosotros,,,,,,no,200 https://www.matchwalls.com/pages/sobre-nosotros
/pages/sobre-nosotros-1,200,1,https://www.matchwalls.com/pages/sobre-nosotros,,,,,,no,301 https://www.matchwalls.com/pages/sobre-nosotros-1 -> /pages/sobre-nosotros | 200 https://www.matchwalls.com/pages/sobre-nosotros
/products/abismo-dorado-negro-copia,200,1,https://www.matchwalls.com/products/eternal-marble-elegance,,,,,,no,301 https://www.matchwalls.com/products/abismo-dorado-negro-copia -> /products/eternal-marble-elegance | 200 https://www.matchwalls.com/products/eternal-marble-elegance
/products/blue-dot-harmony-gris-copia,200,1,https://www.matchwalls.com/products/blue-dot-harmony-rosa-1,,,,,,no,301 https://www.matchwalls.com/products/blue-dot-harmony-gris-copia -> /products/blue-dot-harmony-rosa-1 | 200 https://www.matchwalls.com/products/blue-dot-harmony-rosa-1
/products/blue-dot-harmony-rosa-1,200,0,https://www.matchwalls.com/products/blue-dot-harmony-rosa-1,,,,,,no,200 https://www.matchwalls.com/products/blue-dot-harmony-rosa-1
/products/botanical-grid-marron-copy,200,1,https://www.matchwalls.com/products/floral-cascade-rosa,,,,,,no,301 https://www.matchwalls.com/products/botanical-grid-marron-copy -> /products/floral-cascade-rosa | 200 https://www.matchwalls.com/products/floral-cascade-rosa
/products/echoing-corridor,404,0,https://www.matchwalls.com/products/echoing-corridor,,,,,,no,404 https://www.matchwalls.com/products/echoing-corridor
/products/echoing-corridor-3,404,0,https://www.matchwalls.com/products/echoing-corridor-3,,,,,,no,404 https://www.matchwalls.com/products/echoing-corridor-3
/products/ember-glow-marron,404,0,https://www.matchwalls.com/products/ember-glow-marron,,,,,,no,404 https://www.matchwalls.com/products/ember-glow-marron
/products/endless-horizon-3,404,1,https://www.matchwalls.com/products/echoing-corridor,,,,,,no,301 https://www.matchwalls.com/products/endless-horizon-3 -> /products/echoing-corridor | 404 https://www.matchwalls.com/products/echoing-corridor
/products/eternal-marble-elegance,200,0,https://www.matchwalls.com/products/eternal-marble-elegance,,,,,,no,200 https://www.matchwalls.com/products/eternal-marble-elegance
/products/ethereal-flow-azul,200,0,https://www.matchwalls.com/products/ethereal-flow-azul,,,,,,no,200 https://www.matchwalls.com/products/ethereal-flow-azul
/products/ethereal-flow-blanco-negro,200,0,https://www.matchwalls.com/products/ethereal-flow-blanco-negro,,,,,,no,200 https://www.matchwalls.com/products/ethereal-flow-blanco-negro
/products/ethereal-flow-blanco-y-negro-copia,200,1,https://www.matchwalls.com/products/ethereal-flow-verde,,,,,,no,301 https://www.matchwalls.com/products/ethereal-flow-blanco-y-negro-copia -> /products/ethereal-flow-verde | 200 https://www.matchwalls.com/products/ethereal-flow-verde
/products/ethereal-flow-verde,200,0,https://www.matchwalls.com/products/ethereal-flow-verde,,,,,,no,200 https://www.matchwalls.com/products/ethereal-flow-verde
/products/ethereal-flow-verde-copia,200,1,https://www.matchwalls.com/products/ethereal-flow-azul,,,,,,no,301 https://www.matchwalls.com/products/ethereal-flow-verde-copia -> /products/ethereal-flow-azul | 200 https://www.matchwalls.com/products/ethereal-flow-azul
/products/ethereal-groves-azul-copia,200,1,https://www.matchwalls.com/products/ethereal-flow-blanco-negro,,,,,,no,301 https://www.matchwalls.com/products/ethereal-groves-azul-copia -> /products/ethereal-flow-blanco-negro | 200 https://www.matchwalls.com/products/ethereal-flow-blanco-negro
/products/floral-cascade-lila,200,0,https://www.matchwalls.com/products/floral-cascade-lila,,,,,,no,200 https://www.matchwalls.com/products/floral-cascade-lila
/products/floral-cascade-rosa,200,0,https://www.matchwalls.com/products/floral-cascade-rosa,,,,,,no,200 https://www.matchwalls.com/products/floral-cascade-rosa
/products/floral-cascade-rosa-copy-1,200,1,https://www.matchwalls.com/products/floral-cascade-lila,,,,,,no,301 https://www.matchwalls.com/products/floral-cascade-rosa-copy-1 -> /products/floral-cascade-lila | 200 https://www.matchwalls.com/products/floral-cascade-lila
/products/linear-dynamics-azul-blanco,200,0,https://www.matchwalls.com/products/linear-dynamics-azul-blanco,,,,,,no,200 https://www.matchwalls.com/products/linear-dynamics-azul-blanco
/products/linear-dynamics-azul-marino-copia,200,1,https://www.matchwalls.com/products/linear-dynamics-azul-blanco,,,,,,no,301 https://www.matchwalls.com/products/linear-dynamics-azul-marino-copia -> /products/linear-dynamics-azul-blanco | 200 https://www.matchwalls.com/products/linear-dynamics-azul-blanco
/products/linear-dynamics-rojo-copia,ERROR,1,https://www.matchwalls.com/products/linear-dynamics-rosa-2,,,,,,no,301 https://www.matchwalls.com/products/linear-dynamics-rojo-copia -> /products/linear-dynamics-rosa-2 | ERROR https://www.matchwalls.com/products/linear-dynamics-rosa-2 ERROR <urlopen error _ssl.c:989: The handshake operation timed out>
/products/linear-dynamics-rosa-2,200,0,https://www.matchwalls.com/products/linear-dynamics-rosa-2,,,,,,no,200 https://www.matchwalls.com/products/linear-dynamics-rosa-2
/products/melodic-flow,404,0,https://www.matchwalls.com/products/melodic-flow,,,,,,no,404 https://www.matchwalls.com/products/melodic-flow
/products/muestra-aurora-maritima-rosa,200,0,https://www.matchwalls.com/products/muestra-aurora-maritima-rosa,,,,,,no,200 https://www.matchwalls.com/products/muestra-aurora-maritima-rosa
/products/muestra-de-botanical-grid-marron-copy,200,1,https://www.matchwalls.com/products/muestra-de-floral-cascade-rosa,,,,,,no,301 https://www.matchwalls.com/products/muestra-de-botanical-grid-marron-copy -> /products/muestra-de-floral-cascade-rosa | 200 https://www.matchwalls.com/products/muestra-de-floral-cascade-rosa
/products/muestra-de-enchanted-garden-symphony-multicolor-copia,200,1,https://www.matchwalls.com/products/muestra-de-enchanted-garden-symphony-negro-copia,,,,,,no,301 https://www.matchwalls.com/products/muestra-de-enchanted-garden-symphony-multicolor-copia -> /products/muestra-de-enchanted-garden-symphony-negro-copia | 200 https://www.matchwalls.com/products/muestra-de-enchanted-garden-symphony-negro-copia
/products/muestra-de-enchanted-garden-symphony-negro-copia,200,0,https://www.matchwalls.com/products/muestra-de-enchanted-garden-symphony-negro-copia,,,,,,no,200 https://www.matchwalls.com/products/muestra-de-enchanted-garden-symphony-negro-copia
/products/muestra-de-floral-cascade-lila,200,0,https://www.matchwalls.com/products/muestra-de-floral-cascade-lila,,,,,,no,200 https://www.matchwalls.com/products/muestra-de-floral-cascade-lila
/products/muestra-de-floral-cascade-rosa,200,0,https://www.matchwalls.com/products/muestra-de-floral-cascade-rosa,,,,,,no,200 https://www.matchwalls.com/products/muestra-de-floral-cascade-rosa
/products/muestra-de-floral-cascade-rosa-copy,200,1,https://www.matchwalls.com/products/muestra-de-floral-cascade-lila,,,,,,no,301 https://www.matchwalls.com/products/muestra-de-floral-cascade-rosa-copy -> /products/muestra-de-floral-cascade-lila | 200 https://www.matchwalls.com/products/muestra-de-floral-cascade-lila
/products/muestra-de-spectrum-grid-multicolor-1,200,0,https://www.matchwalls.com/products/muestra-de-spectrum-grid-multicolor-1,,,,,,no,200 https://www.matchwalls.com/products/muestra-de-spectrum-grid-multicolor-1
/products/muestra-de-spectrum-grid-multicolor-copy,200,1,https://www.matchwalls.com/products/muestra-de-spectrum-grid-multicolor-1,,,,,,no,301 https://www.matchwalls.com/products/muestra-de-spectrum-grid-multicolor-copy -> /products/muestra-de-spectrum-grid-multicolor-1 | 200 https://www.matchwalls.com/products/muestra-de-spectrum-grid-multicolor-1
/products/muestra-desnudos-blanco-y-negro,404,1,https://www.matchwalls.com/collections/muestras,,,,,,no,301 https://www.matchwalls.com/products/muestra-desnudos-blanco-y-negro -> /collections/muestras | 404 https://www.matchwalls.com/collections/muestras
/products/muestra-eternal-marble-elegance-multicolor,200,1,https://www.matchwalls.com/products/muestra-aurora-maritima-rosa,,,,,,no,301 https://www.matchwalls.com/products/muestra-eternal-marble-elegance-multicolor -> /products/muestra-aurora-maritima-rosa | 200 https://www.matchwalls.com/products/muestra-aurora-maritima-rosa
/products/poster-de-papel-mate-calidad-museo-con-marco-de-madera,404,1,https://www.matchwalls.com/products/echoing-corridor-3,,,,,,no,301 https://www.matchwalls.com/products/poster-de-papel-mate-calidad-museo-con-marco-de-madera -> /products/echoing-corridor-3 | 404 https://www.matchwalls.com/products/echoing-corridor-3
/products/punto-de-conexion-blanco-negro,200,0,https://www.matchwalls.com/products/punto-de-conexion-blanco-negro,,,,,,no,200 https://www.matchwalls.com/products/punto-de-conexion-blanco-negro
/products/punto-de-conexion-negro-copia,200,1,https://www.matchwalls.com/products/punto-de-conexion-blanco-negro,,,,,,no,301 https://www.matchwalls.com/products/punto-de-conexion-negro-copia -> /products/punto-de-conexion-blanco-negro | 200 https://www.matchwalls.com/products/punto-de-conexion-blanco-negro
/products/rusted-horizon-marron-copia,404,1,https://www.matchwalls.com/products/ember-glow-marron,,,,,,no,301 https://www.matchwalls.com/products/rusted-horizon-marron-copia -> /products/ember-glow-marron | 404 https://www.matchwalls.com/products/ember-glow-marron
/products/sombras-tropicales-blanco-y-negro-2,200,0,https://www.matchwalls.com/products/sombras-tropicales-blanco-y-negro-2,,,,,,no,200 https://www.matchwalls.com/products/sombras-tropicales-blanco-y-negro-2
/products/sombras-tropicales-blanco-y-negro-copy,200,1,https://www.matchwalls.com/products/sombras-tropicales-blanco-y-negro-2,,,,,,no,301 https://www.matchwalls.com/products/sombras-tropicales-blanco-y-negro-copy -> /products/sombras-tropicales-blanco-y-negro-2 | 200 https://www.matchwalls.com/products/sombras-tropicales-blanco-y-negro-2
/products/urban-geometrico,404,1,https://www.matchwalls.com/products/urban-geometrico-beige,,,,,,no,301 https://www.matchwalls.com/products/urban-geometrico -> /products/urban-geometrico-beige | 404 https://www.matchwalls.com/products/urban-geometrico-beige
/products/urban-geometrico-beige,404,0,https://www.matchwalls.com/products/urban-geometrico-beige,,,,,,no,404 https://www.matchwalls.com/products/urban-geometrico-beige
/products/urban-geometrico-beige-copia,ERROR,1,https://www.matchwalls.com/products/urban-geometrico-gris,,,,,,no,301 https://www.matchwalls.com/products/urban-geometrico-beige-copia -> /products/urban-geometrico-gris | ERROR https://www.matchwalls.com/products/urban-geometrico-gris ERROR <urlopen error _ssl.c:989: The handshake operation timed out>
/products/urban-geometrico-gris,404,0,https://www.matchwalls.com/products/urban-geometrico-gris,,,,,,no,404 https://www.matchwalls.com/products/urban-geometrico-gris
/products/urban-sketch-beige-copia,404,1,https://www.matchwalls.com/products/melodic-flow,,,,,,no,301 https://www.matchwalls.com/products/urban-sketch-beige-copia -> /products/melodic-flow | 404 https://www.matchwalls.com/products/melodic-flow
/products/vetas-de-luz-blanco,200,0,https://www.matchwalls.com/products/vetas-de-luz-blanco,,,,,,no,200 https://www.matchwalls.com/products/vetas-de-luz-blanco
/products/vetasde-luz-blanco,200,1,https://www.matchwalls.com/products/vetas-de-luz-blanco,,,,,,no,301 https://www.matchwalls.com/products/vetasde-luz-blanco -> /products/vetas-de-luz-blanco | 200 https://www.matchwalls.com/products/vetas-de-luz-blanco
