group,lang,url,status,final_url,contains_heading,contains_link_text,noindex,canonical,result,context
espana,es,https://www.matchwalls.com/pages/papel-pintado-espana,200,https://www.matchwalls.com/pages/papel-pintado-espana,false,false,false,https://www.matchwalls.com/pages/papel-pintado-espana,FAIL,"Madrid, Valencia, Málaga, Sevilla, Girona, Tarragona, Bizkaia, Gipuzkoa, Granada, Murcia o Zaragoza, MatchWalls puede servir como punto de partida para elegir diseño, material y muestra antes de avanzar con tu proyecto. Preguntas frecuentes ¿Puedo pedir muestras antes de comprar? Sí. Las muestras ayudan a comprobar color, textura y acabado antes de decidir el papel pintado o mural definitivo. ¿MatchWalls trabaja con profesionales? Sí. MatchWalls trabaja con interioristas, arquitectos, tiendas y proyectos comerciales que necesitan soporte en selección, muestras o personalización. ¿Puedo crear un mural personalizado? Sí. La opción de "
espana,en,https://www.matchwalls.com/en/pages/spain-wallpaper,200,https://www.matchwalls.com/en/pages/spain-wallpaper,false,false,false,https://www.matchwalls.com/en/pages/spain-wallpaper,FAIL,"celona, Madrid, Valencia, Málaga, Sevilla, Girona, Tarragona, Bizkaia, Gipuzkoa, Granada, Murcia or Zaragoza, MatchWalls can be a starting point for choosing the right design, material and samples before moving forward. Frequently asked questions Can I order samples before buying? Yes. Samples help you check colour, texture and finish before choosing the final wallpaper or mural. Does MatchWalls work with professionals? Yes. MatchWalls works with interior designers, architects, retail spaces and commercial projects that need support with design selection, samples or customisation. Can I create a custom mural? Yes. Customisation opti"
espana,fr,https://www.matchwalls.com/fr/pages/papier-peint-en-espagne,200,https://www.matchwalls.com/fr/pages/papier-peint-en-espagne,false,false,false,https://www.matchwalls.com/fr/pages/papier-peint-en-espagne,FAIL,"(function (c, l, a, r, i, t, y) { c[a] = c[a] || function () { (c[a].q = c[a].q || []).push(arguments); }; t = l.createElement(r); t.async = 1; t.src = 'https://www.clarity.ms/tag/' + i; y = l.getElementsByTagName(r)[0]; y.parentNode.insertBefore(t, y); })(window, document, 'clarity', 'script', 'ouwok1lkcm'); (function (w, d, s, l, i) { w[l] = w[l] || []; w[l].push({ 'gtm.start': new Date().getTime(), event: 'gtm.js' }); var f = d.getElementsByTagName(s)[0], j = d.createElement(s), dl = l != 'da"
espana,de,https://www.matchwalls.com/de/pages/spanien-tapete,200,https://www.matchwalls.com/de/pages/spanien-tapete,false,false,false,https://www.matchwalls.com/de/pages/spanien-tapete,FAIL,"(function (c, l, a, r, i, t, y) { c[a] = c[a] || function () { (c[a].q = c[a].q || []).push(arguments); }; t = l.createElement(r); t.async = 1; t.src = 'https://www.clarity.ms/tag/' + i; y = l.getElementsByTagName(r)[0]; y.parentNode.insertBefore(t, y); })(window, document, 'clarity', 'script', 'ouwok1lkcm'); (function (w, d, s, l, i) { w[l] = w[l] || []; w[l].push({ 'gtm.start': new Date().getTime(), event: 'gtm.js' }); var f = d.getElementsByTagName(s)[0], j = d.createElement(s), dl = l != 'da"
espana,nl,https://www.matchwalls.com/nl/pages/spanje-behang,200,https://www.matchwalls.com/nl/pages/spanje-behang,true,true,false,https://www.matchwalls.com/nl/pages/spanje-behang,PASS,"cht op Barcelona, Madrid, Valencia, Málaga, Sevilla, Girona, Tarragona, Bizkaia, Gipuzkoa, Granada, Murcia of Zaragoza, kan MatchWalls een startpunt zijn om ontwerp, materiaal en monsters te kiezen voordat u verdergaat. Behang per land U bekijkt de oplossingen voor Spanje. Als uw project zich in Frankrijk bevindt of als u opties voor een andere markt wilt vergelijken, bekijk dan de gids over behang in Frankrijk . Veelgestelde vragen Kan ik monsters bestellen voordat ik koop? Ja. Monsters helpen om kleur, textuur en afwerking te controleren voordat u het definitieve behang of de definitieve wanddecoratie kiest. Werkt MatchWalls met p"
francia,es,https://www.matchwalls.com/pages/papel-pintado-francia,200,https://www.matchwalls.com/pages/papel-pintado-francia,false,false,false,https://www.matchwalls.com/pages/papel-pintado-francia,FAIL,"pel pintado en París, Lyon, Toulouse, Marsella, Burdeos, Nantes, Lille, Niza, Montpellier o Estrasburgo, MatchWalls puede servir como punto de partida para elegir diseño, material y muestras antes de lanzar tu proyecto. Preguntas frecuentes ¿Puedo pedir muestras antes de comprar? Sí. Las muestras permiten comprobar color, textura y acabado antes de elegir el papel pintado o mural definitivo. ¿MatchWalls trabaja con profesionales? Sí. MatchWalls trabaja con interioristas, decoradores, tiendas y proyectos comerciales en la selección de diseños, materiales y muestras. ¿Puedo crear un mural personalizado? Sí. Las opciones de personaliza"
francia,en,https://www.matchwalls.com/en/pages/french-wallpaper,200,https://www.matchwalls.com/en/pages/french-wallpaper,false,false,false,https://www.matchwalls.com/en/pages/french-wallpaper,FAIL,"lpaper in Paris, Lyon, Toulouse, Marseille, Bordeaux, Nantes, Lille, Nice, Montpellier or Strasbourg, MatchWalls can be a starting point for choosing the right design, material and samples before launching your project. Frequently asked questions Can I order samples before buying? Yes. Samples allow you to check colour, texture and finish before choosing the final wallpaper or mural. Does MatchWalls work with professionals? Yes. MatchWalls supports interior designers, decorators, retail spaces and commercial projects in selecting designs, materials and samples. Can I create a custom mural? Yes. Customisation options make it possible"
francia,fr,https://www.matchwalls.com/fr/pages/papier-peint-en-france,200,https://www.matchwalls.com/fr/pages/papier-peint-en-france,false,false,false,https://www.matchwalls.com/fr/pages/papier-peint-en-france,FAIL,"(function (c, l, a, r, i, t, y) { c[a] = c[a] || function () { (c[a].q = c[a].q || []).push(arguments); }; t = l.createElement(r); t.async = 1; t.src = 'https://www.clarity.ms/tag/' + i; y = l.getElementsByTagName(r)[0]; y.parentNode.insertBefore(t, y); })(window, document, 'clarity', 'script', 'ouwok1lkcm'); (function (w, d, s, l, i) { w[l] = w[l] || []; w[l].push({ 'gtm.start': new Date().getTime(), event: 'gtm.js' }); var f = d.getElementsByTagName(s)[0], j = d.createElement(s), dl = l != 'da"
francia,de,https://www.matchwalls.com/de/pages/franzosische-tapete,200,https://www.matchwalls.com/de/pages/franzosische-tapete,true,true,false,https://www.matchwalls.com/de/pages/franzosische-tapete,PASS,"e Tapeten für Paris, Lyon, Toulouse, Marseille, Bordeaux, Nantes, Lille, Nice, Montpellier oder Strasbourg suchen, kann MatchWalls ein Ausgangspunkt sein, um Design, Material und Muster vor dem Projektstart auszuwählen. Tapeten nach Land Sie sehen die Lösungen für Frankreich. Wenn Ihr Projekt in Spanien liegt oder Sie Optionen für einen anderen Markt vergleichen möchten, lesen Sie den Leitfaden zu Tapeten in Spanien . Häufige Fragen Kann ich vor dem Kauf Muster bestellen? Ja. Muster helfen dabei, Farbe, Textur und Oberfläche zu prüfen, bevor Sie die endgültige Tapete oder das endgültige Wandbild auswählen. Arbeitet MatchWalls mit Fa"
francia,nl,https://www.matchwalls.com/nl/pages/frans-behang,200,https://www.matchwalls.com/nl/pages/frans-behang,false,false,false,https://www.matchwalls.com/nl/pages/frans-behang,FAIL,"s u behang zoekt voor Paris, Lyon, Toulouse, Marseille, Bordeaux, Nantes, Lille, Nice, Montpellier of Strasbourg, kan MatchWalls een startpunt zijn om ontwerp, materiaal en monsters te kiezen voordat u uw project start. Veelgestelde vragen Kan ik monsters bestellen voordat ik koop? Ja. Monsters helpen om kleur, textuur en afwerking te controleren voordat u het definitieve behang of de definitieve wanddecoratie kiest. Werkt MatchWalls met professionals? Ja. MatchWalls ondersteunt interieurontwerpers, decorateurs, winkels en commerciële projecten bij de keuze van ontwerpen, materialen en monsters. Kan ik een gepersonaliseerde muurschi"
