url,in_sitemap,sitemap,lastmod,estado
https://www.matchwalls.com/collections/papeles-pintados,no,,,VERIFICADO PERO MEJORABLE
https://www.matchwalls.com/collections/papeles-pintados-old,no,,,VERIFICADO PERO MEJORABLE
https://www.matchwalls.com/collections/murales,yes,https://www.matchwalls.com/sitemap_collections_1.xml?from=436915699939&amp;to=665363448184,2026-06-27T12:19:52+02:00,VERIFICADO Y CORRECTO
https://www.matchwalls.com/collections/murales-mvp,no,,,VERIFICADO PERO MEJORABLE
https://www.matchwalls.com/collections/%20papeles-pintados,no,,,VERIFICADO PERO MEJORABLE
https://www.matchwalls.com/en/collections/all-matchwallsmurals-murals,yes,https://www.matchwalls.com/en/sitemap_collections_1.xml?from=436915699939&amp;to=665363448184,2026-06-27T12:19:52+02:00,VERIFICADO Y CORRECTO
https://www.matchwalls.com/fr/collections/tous-les-peintures-murales-matchwallsmurals,yes,https://www.matchwalls.com/fr/sitemap_collections_1.xml?from=436915699939&amp;to=665363448184,2026-06-27T12:19:52+02:00,VERIFICADO Y CORRECTO
https://www.matchwalls.com/de/collections/alle-matchwallsmurals-wandbilder,yes,https://www.matchwalls.com/de/sitemap_collections_1.xml?from=436915699939&amp;to=665363448184,2026-06-27T12:19:52+02:00,VERIFICADO Y CORRECTO
https://www.matchwalls.com/nl/collections/alle-matchwallsmurals-muurschilderingen,yes,https://www.matchwalls.com/nl/sitemap_collections_1.xml?from=436915699939&amp;to=665363448184,2026-06-27T12:19:52+02:00,VERIFICADO Y CORRECTO
