product_gid,legacy_resource_id,representative_title,url,present_in_product_sitemap,estado
gid://shopify/Product/14835715867000,14835715867000,Muestra de Misty Blossom Lila,https://www.matchwalls.com/products/muestra-de-misty-blossom-lila,no,CORREGIDO Y VERIFICADO
gid://shopify/Product/14835715867000,14835715867000,Muestra de Misty Blossom Lila,https://www.matchwalls.com/en/products/misty-blossom-lila-sample,no,CORREGIDO Y VERIFICADO
gid://shopify/Product/14835715867000,14835715867000,Muestra de Misty Blossom Lila,https://www.matchwalls.com/fr/products/echantillon-de-lila-en-fleur-brumeuse,no,CORREGIDO Y VERIFICADO
gid://shopify/Product/14835715867000,14835715867000,Muestra de Misty Blossom Lila,https://www.matchwalls.com/de/products/misty-blossom-lila-probe,no,CORREGIDO Y VERIFICADO
gid://shopify/Product/14835715867000,14835715867000,Muestra de Misty Blossom Lila,https://www.matchwalls.com/nl/products/misty-blossom-lila-sample-1,no,CORREGIDO Y VERIFICADO
gid://shopify/Product/14835715867000,14835715867000,Muestra de Misty Blossom Lila,https://www.matchwalls.com/it/products/campione-di-lila-misty-blossom,no,CORREGIDO Y VERIFICADO
gid://shopify/Product/14835715867000,14835715867000,Muestra de Misty Blossom Lila,https://www.matchwalls.com/pt/products/amostra-enevoada-de-flor-lila,no,CORREGIDO Y VERIFICADO
gid://shopify/Product/14835715801464,14835715801464,Muestra de Misty Blossom Verde,https://www.matchwalls.com/products/muestra-de-misty-blossom-verde,no,CORREGIDO Y VERIFICADO
gid://shopify/Product/14835715801464,14835715801464,Muestra de Misty Blossom Verde,https://www.matchwalls.com/en/products/misty-blossom-green-sample-2,no,CORREGIDO Y VERIFICADO
gid://shopify/Product/14835715801464,14835715801464,Muestra de Misty Blossom Verde,https://www.matchwalls.com/fr/products/echantillon-vert-de-fleur-brumeux,no,CORREGIDO Y VERIFICADO
gid://shopify/Product/14835715801464,14835715801464,Muestra de Misty Blossom Verde,https://www.matchwalls.com/de/products/neblige-blutengrune-probe,no,CORREGIDO Y VERIFICADO
gid://shopify/Product/14835715801464,14835715801464,Muestra de Misty Blossom Verde,https://www.matchwalls.com/it/products/campione-verde-misty-blossom,no,CORREGIDO Y VERIFICADO
gid://shopify/Product/14835715801464,14835715801464,Muestra de Misty Blossom Verde,https://www.matchwalls.com/pt/products/amostra-verde-de-flor-enevoada,no,CORREGIDO Y VERIFICADO
gid://shopify/Product/14835718390136,14835718390136,Muestra de Peaks Azul,https://www.matchwalls.com/products/muestra-de-peaks-azul,no,CORREGIDO Y VERIFICADO
gid://shopify/Product/14835718390136,14835718390136,Muestra de Peaks Azul,https://www.matchwalls.com/en/products/blue-peaks-sample,no,CORREGIDO Y VERIFICADO
gid://shopify/Product/14835718390136,14835718390136,Muestra de Peaks Azul,https://www.matchwalls.com/fr/products/echantillon-de-pics-bleus,no,CORREGIDO Y VERIFICADO
gid://shopify/Product/14835718390136,14835718390136,Muestra de Peaks Azul,https://www.matchwalls.com/de/products/blue-peaks-probe,no,CORREGIDO Y VERIFICADO
gid://shopify/Product/14835718390136,14835718390136,Muestra de Peaks Azul,https://www.matchwalls.com/it/products/campione-di-picchi-blu,no,CORREGIDO Y VERIFICADO
gid://shopify/Product/14835718390136,14835718390136,Muestra de Peaks Azul,https://www.matchwalls.com/pt/products/amostra-de-picos-azuis,no,CORREGIDO Y VERIFICADO
gid://shopify/Product/14835718226296,14835718226296,Muestra de Peaks Gris,https://www.matchwalls.com/products/muestra-de-peaks-gris,no,CORREGIDO Y VERIFICADO
gid://shopify/Product/14835718226296,14835718226296,Muestra de Peaks Gris,https://www.matchwalls.com/en/products/gray-peaks-sample,no,CORREGIDO Y VERIFICADO
gid://shopify/Product/14835718226296,14835718226296,Muestra de Peaks Gris,https://www.matchwalls.com/fr/products/echantillon-de-pics-gris,no,CORREGIDO Y VERIFICADO
gid://shopify/Product/14835718226296,14835718226296,Muestra de Peaks Gris,https://www.matchwalls.com/de/products/grey-peaks-probe,no,CORREGIDO Y VERIFICADO
gid://shopify/Product/14835718226296,14835718226296,Muestra de Peaks Gris,https://www.matchwalls.com/it/products/campione-di-picchi-grigi,no,CORREGIDO Y VERIFICADO
gid://shopify/Product/14835718226296,14835718226296,Muestra de Peaks Gris,https://www.matchwalls.com/pt/products/amostra-de-picos-de-cinza,no,CORREGIDO Y VERIFICADO
gid://shopify/Product/14835718521208,14835718521208,Muestra de Peaks Rosa,https://www.matchwalls.com/products/muestra-de-peaks-rosa,no,CORREGIDO Y VERIFICADO
gid://shopify/Product/14835718521208,14835718521208,Muestra de Peaks Rosa,https://www.matchwalls.com/en/products/pink-peaks-sample,no,CORREGIDO Y VERIFICADO
gid://shopify/Product/14835718521208,14835718521208,Muestra de Peaks Rosa,https://www.matchwalls.com/fr/products/echantillon-de-pics-roses,no,CORREGIDO Y VERIFICADO
gid://shopify/Product/14835718521208,14835718521208,Muestra de Peaks Rosa,https://www.matchwalls.com/de/products/pink-peaks-probe,no,CORREGIDO Y VERIFICADO
gid://shopify/Product/14835718521208,14835718521208,Muestra de Peaks Rosa,https://www.matchwalls.com/it/products/campione-di-cime-rosa,no,CORREGIDO Y VERIFICADO
gid://shopify/Product/14835718521208,14835718521208,Muestra de Peaks Rosa,https://www.matchwalls.com/pt/products/amostra-de-picos-rosa,no,CORREGIDO Y VERIFICADO
gid://shopify/Product/14835718619512,14835718619512,Muestra de Peaks Verde,https://www.matchwalls.com/products/muestra-de-peaks-verde,no,CORREGIDO Y VERIFICADO
gid://shopify/Product/14835718619512,14835718619512,Muestra de Peaks Verde,https://www.matchwalls.com/en/products/green-peaks-sample,no,CORREGIDO Y VERIFICADO
gid://shopify/Product/14835718619512,14835718619512,Muestra de Peaks Verde,https://www.matchwalls.com/fr/products/echantillon-de-sommets-verts,no,CORREGIDO Y VERIFICADO
gid://shopify/Product/14835718619512,14835718619512,Muestra de Peaks Verde,https://www.matchwalls.com/de/products/grune-peaks-probe,no,CORREGIDO Y VERIFICADO
gid://shopify/Product/14835718619512,14835718619512,Muestra de Peaks Verde,https://www.matchwalls.com/it/products/campione-di-picchi-verdi,no,CORREGIDO Y VERIFICADO
gid://shopify/Product/14835718619512,14835718619512,Muestra de Peaks Verde,https://www.matchwalls.com/pt/products/amostra-de-picos-verdes,no,CORREGIDO Y VERIFICADO
gid://shopify/Product/14835714425208,14835714425208,Muestra de Playful Stripes Amarillo,https://www.matchwalls.com/products/muestra-de-playful-stripes-amarillo,no,CORREGIDO Y VERIFICADO
gid://shopify/Product/14835714425208,14835714425208,Muestra de Playful Stripes Amarillo,https://www.matchwalls.com/en/products/playful-stripes-yellow-sample,no,CORREGIDO Y VERIFICADO
gid://shopify/Product/14835714425208,14835714425208,Muestra de Playful Stripes Amarillo,https://www.matchwalls.com/fr/products/rayures-ludiques-echantillon-jaune,no,CORREGIDO Y VERIFICADO
gid://shopify/Product/14835714425208,14835714425208,Muestra de Playful Stripes Amarillo,https://www.matchwalls.com/de/products/verspielte-streifen-gelbe-probe,no,CORREGIDO Y VERIFICADO
gid://shopify/Product/14835714425208,14835714425208,Muestra de Playful Stripes Amarillo,https://www.matchwalls.com/it/products/campione-giallo-a-strisce-giocose,no,CORREGIDO Y VERIFICADO
gid://shopify/Product/14835714425208,14835714425208,Muestra de Playful Stripes Amarillo,https://www.matchwalls.com/pt/products/amostra-amarela-de-listras-divertidas,no,CORREGIDO Y VERIFICADO
gid://shopify/Product/14835714654584,14835714654584,Muestra de Playful Stripes Azul,https://www.matchwalls.com/products/muestra-de-playful-stripes-azul,no,CORREGIDO Y VERIFICADO
gid://shopify/Product/14835714654584,14835714654584,Muestra de Playful Stripes Azul,https://www.matchwalls.com/en/products/playful-stripes-blue-sample,no,CORREGIDO Y VERIFICADO
gid://shopify/Product/14835714654584,14835714654584,Muestra de Playful Stripes Azul,https://www.matchwalls.com/fr/products/echantillon-bleu-de-rayures-ludiques,no,CORREGIDO Y VERIFICADO
gid://shopify/Product/14835714654584,14835714654584,Muestra de Playful Stripes Azul,https://www.matchwalls.com/de/products/verspielte-streifen-blaue-probe,no,CORREGIDO Y VERIFICADO
gid://shopify/Product/14835714654584,14835714654584,Muestra de Playful Stripes Azul,https://www.matchwalls.com/it/products/strips-stripes-blue-sample,no,CORREGIDO Y VERIFICADO
gid://shopify/Product/14835714654584,14835714654584,Muestra de Playful Stripes Azul,https://www.matchwalls.com/pt/products/amostra-azul-de-listras-divertidas,no,CORREGIDO Y VERIFICADO
gid://shopify/Product/14835714687352,14835714687352,Muestra de Playful Stripes Beige,https://www.matchwalls.com/products/muestra-de-playful-stripes-beige,no,CORREGIDO Y VERIFICADO
gid://shopify/Product/14835714556280,14835714556280,Muestra de Playful Stripes Multicolor,https://www.matchwalls.com/products/muestra-de-playful-stripes-multicolor,no,CORREGIDO Y VERIFICADO
gid://shopify/Product/14835714556280,14835714556280,Muestra de Playful Stripes Multicolor,https://www.matchwalls.com/en/products/multicolor-playful-stripes-sample,no,CORREGIDO Y VERIFICADO
gid://shopify/Product/14835714556280,14835714556280,Muestra de Playful Stripes Multicolor,https://www.matchwalls.com/fr/products/echantillon-de-rayures-ludiques-multicolores,no,CORREGIDO Y VERIFICADO
gid://shopify/Product/14835714556280,14835714556280,Muestra de Playful Stripes Multicolor,https://www.matchwalls.com/de/products/multicolor-probe-mit-verspielten-streifen,no,CORREGIDO Y VERIFICADO
gid://shopify/Product/14835714556280,14835714556280,Muestra de Playful Stripes Multicolor,https://www.matchwalls.com/it/products/campione-di-strisce-giocose-multicolori,no,CORREGIDO Y VERIFICADO
gid://shopify/Product/14835714556280,14835714556280,Muestra de Playful Stripes Multicolor,https://www.matchwalls.com/pt/products/amostra-de-listras-divertidas-multicoloridas,no,CORREGIDO Y VERIFICADO
gid://shopify/Product/14835755188600,14835755188600,Muestra de Puzzle de Letras Azul,https://www.matchwalls.com/products/muestra-de-puzzle-de-letras-azul,no,CORREGIDO Y VERIFICADO
gid://shopify/Product/14835755188600,14835755188600,Muestra de Puzzle de Letras Azul,https://www.matchwalls.com/en/products/blue-letter-puzzle-sample,no,CORREGIDO Y VERIFICADO
gid://shopify/Product/14835755188600,14835755188600,Muestra de Puzzle de Letras Azul,https://www.matchwalls.com/fr/products/echantillon-de-puzzle-de-lettres-bleues,no,CORREGIDO Y VERIFICADO
gid://shopify/Product/14835755188600,14835755188600,Muestra de Puzzle de Letras Azul,https://www.matchwalls.com/de/products/blue-letter-puzzle-probe,no,CORREGIDO Y VERIFICADO
gid://shopify/Product/14835755188600,14835755188600,Muestra de Puzzle de Letras Azul,https://www.matchwalls.com/nl/products/blue-letter-puzzle-sample-1,no,CORREGIDO Y VERIFICADO
gid://shopify/Product/14835755188600,14835755188600,Muestra de Puzzle de Letras Azul,https://www.matchwalls.com/it/products/campione-di-puzzle-di-lettere-blu,no,CORREGIDO Y VERIFICADO
gid://shopify/Product/14835755188600,14835755188600,Muestra de Puzzle de Letras Azul,https://www.matchwalls.com/pt/products/amostra-de-quebra-cabeca-azul,no,CORREGIDO Y VERIFICADO
gid://shopify/Product/14835755123064,14835755123064,Muestra de Puzzle de Letras Blanco y Negro,https://www.matchwalls.com/products/muestra-de-puzzle-de-letras-blanco-y-negro,no,CORREGIDO Y VERIFICADO
gid://shopify/Product/14835755123064,14835755123064,Muestra de Puzzle de Letras Blanco y Negro,https://www.matchwalls.com/en/products/black-and-white-black-and-white-puzzle-sample,no,CORREGIDO Y VERIFICADO
gid://shopify/Product/14835755123064,14835755123064,Muestra de Puzzle de Letras Blanco y Negro,https://www.matchwalls.com/fr/products/echantillon-de-puzzle-noir-et-blanc-noir,no,CORREGIDO Y VERIFICADO
gid://shopify/Product/14835755123064,14835755123064,Muestra de Puzzle de Letras Blanco y Negro,https://www.matchwalls.com/de/products/schwarz-weiss-schwarz-weiss-puzzle-probe,no,CORREGIDO Y VERIFICADO
gid://shopify/Product/14835755123064,14835755123064,Muestra de Puzzle de Letras Blanco y Negro,https://www.matchwalls.com/it/products/campione-puzzle-bianco-e-nero-bianco-e-nero,no,CORREGIDO Y VERIFICADO
gid://shopify/Product/14835755123064,14835755123064,Muestra de Puzzle de Letras Blanco y Negro,https://www.matchwalls.com/pt/products/amostra-de-quebra-cabeca-preto-e-branco-preto-e-branco,no,CORREGIDO Y VERIFICADO
gid://shopify/Product/14835755581816,14835755581816,Muestra de Puzzle de Letras Lila,https://www.matchwalls.com/products/muestra-de-puzzle-de-letras-lila,no,CORREGIDO Y VERIFICADO
gid://shopify/Product/14835755450744,14835755450744,Muestra de Puzzle de Letras Marron,https://www.matchwalls.com/products/muestra-de-puzzle-de-letras-marron,no,CORREGIDO Y VERIFICADO
gid://shopify/Product/14835755352440,14835755352440,Muestra de Puzzle de Letras Verde,https://www.matchwalls.com/products/muestra-de-puzzle-de-letras-verde,no,CORREGIDO Y VERIFICADO
gid://shopify/Product/14835755352440,14835755352440,Muestra de Puzzle de Letras Verde,https://www.matchwalls.com/en/products/green-letter-puzzle-sample,no,CORREGIDO Y VERIFICADO
gid://shopify/Product/14835755352440,14835755352440,Muestra de Puzzle de Letras Verde,https://www.matchwalls.com/fr/products/echantillon-de-puzzle-de-lettre-verte,no,CORREGIDO Y VERIFICADO
gid://shopify/Product/14835755352440,14835755352440,Muestra de Puzzle de Letras Verde,https://www.matchwalls.com/de/products/green-letter-puzzle-probe,no,CORREGIDO Y VERIFICADO
gid://shopify/Product/14835755352440,14835755352440,Muestra de Puzzle de Letras Verde,https://www.matchwalls.com/it/products/campione-di-puzzle-di-lettere-verdi,no,CORREGIDO Y VERIFICADO
gid://shopify/Product/14835755352440,14835755352440,Muestra de Puzzle de Letras Verde,https://www.matchwalls.com/pt/products/amostra-verde-de-quebra-cabeca,no,CORREGIDO Y VERIFICADO
gid://shopify/Product/14835714261368,14835714261368,Muestra de Stripe Harmony Azul,https://www.matchwalls.com/products/muestra-de-stripe-harmony-azul,no,CORREGIDO Y VERIFICADO
gid://shopify/Product/14835714261368,14835714261368,Muestra de Stripe Harmony Azul,https://www.matchwalls.com/en/products/blue-harmony-stripe-sample,no,CORREGIDO Y VERIFICADO
gid://shopify/Product/14835714261368,14835714261368,Muestra de Stripe Harmony Azul,https://www.matchwalls.com/fr/products/echantillon-de-bande-dharmonie-bleue,no,CORREGIDO Y VERIFICADO
gid://shopify/Product/14835714261368,14835714261368,Muestra de Stripe Harmony Azul,https://www.matchwalls.com/de/products/blue-harmony-stripe-probe,no,CORREGIDO Y VERIFICADO
gid://shopify/Product/14835714261368,14835714261368,Muestra de Stripe Harmony Azul,https://www.matchwalls.com/it/products/campione-a-strisce-di-armonia-blu,no,CORREGIDO Y VERIFICADO
gid://shopify/Product/14835714261368,14835714261368,Muestra de Stripe Harmony Azul,https://www.matchwalls.com/pt/products/amostra-azul-de-listra-de-harmonia,no,CORREGIDO Y VERIFICADO
gid://shopify/Product/14835714097528,14835714097528,Muestra de Stripe Harmony Multicolor,https://www.matchwalls.com/products/muestra-de-stripe-harmony-multicolor,no,CORREGIDO Y VERIFICADO
gid://shopify/Product/14835714097528,14835714097528,Muestra de Stripe Harmony Multicolor,https://www.matchwalls.com/en/products/multicolor-harmony-stripe-sample,no,CORREGIDO Y VERIFICADO
gid://shopify/Product/14835714097528,14835714097528,Muestra de Stripe Harmony Multicolor,https://www.matchwalls.com/fr/products/echantillon-de-bande-dharmonie-multicolore,no,CORREGIDO Y VERIFICADO
gid://shopify/Product/14835714097528,14835714097528,Muestra de Stripe Harmony Multicolor,https://www.matchwalls.com/de/products/multicolor-harmonie-streifenprobe,no,CORREGIDO Y VERIFICADO
gid://shopify/Product/14835714097528,14835714097528,Muestra de Stripe Harmony Multicolor,https://www.matchwalls.com/it/products/campione-a-strisce-armoniche-multicolore,no,CORREGIDO Y VERIFICADO
gid://shopify/Product/14835714097528,14835714097528,Muestra de Stripe Harmony Multicolor,https://www.matchwalls.com/pt/products/amostra-de-listra-de-harmonia-multicolor,no,CORREGIDO Y VERIFICADO
gid://shopify/Product/14835714359672,14835714359672,Muestra de Stripe Harmony Rosa,https://www.matchwalls.com/products/muestra-de-stripe-harmony-rosa,no,CORREGIDO Y VERIFICADO
gid://shopify/Product/14835714359672,14835714359672,Muestra de Stripe Harmony Rosa,https://www.matchwalls.com/en/products/harmony-rosa-stripe-sample,no,CORREGIDO Y VERIFICADO
gid://shopify/Product/14835714359672,14835714359672,Muestra de Stripe Harmony Rosa,https://www.matchwalls.com/fr/products/echantillon-de-bande-dharmonie-rosa,no,CORREGIDO Y VERIFICADO
gid://shopify/Product/14835714359672,14835714359672,Muestra de Stripe Harmony Rosa,https://www.matchwalls.com/de/products/harmonie-rosa-streifenprobe,no,CORREGIDO Y VERIFICADO
gid://shopify/Product/14835714359672,14835714359672,Muestra de Stripe Harmony Rosa,https://www.matchwalls.com/nl/products/harmony-rosa-stripe-sample-1,no,CORREGIDO Y VERIFICADO
gid://shopify/Product/14835714359672,14835714359672,Muestra de Stripe Harmony Rosa,https://www.matchwalls.com/it/products/armony-rosa-stripe-sample,no,CORREGIDO Y VERIFICADO
gid://shopify/Product/14835714359672,14835714359672,Muestra de Stripe Harmony Rosa,https://www.matchwalls.com/pt/products/amostra-de-listra-de-harmonia-rosa,no,CORREGIDO Y VERIFICADO
gid://shopify/Product/14835714195832,14835714195832,Muestra de Stripe Harmony Verde,https://www.matchwalls.com/products/muestra-de-stripe-harmony-verde,no,CORREGIDO Y VERIFICADO
gid://shopify/Product/14835714195832,14835714195832,Muestra de Stripe Harmony Verde,https://www.matchwalls.com/en/products/harmony-green-stripe-sample,no,CORREGIDO Y VERIFICADO
gid://shopify/Product/14835714195832,14835714195832,Muestra de Stripe Harmony Verde,https://www.matchwalls.com/fr/products/echantillon-de-bande-vert-harmonie,no,CORREGIDO Y VERIFICADO
gid://shopify/Product/14835714195832,14835714195832,Muestra de Stripe Harmony Verde,https://www.matchwalls.com/de/products/harmony-green-stripe-probe,no,CORREGIDO Y VERIFICADO
gid://shopify/Product/14835714195832,14835714195832,Muestra de Stripe Harmony Verde,https://www.matchwalls.com/nl/products/harmony-green-stripe-sample-1,no,CORREGIDO Y VERIFICADO
gid://shopify/Product/14835714195832,14835714195832,Muestra de Stripe Harmony Verde,https://www.matchwalls.com/it/products/armony-green-stripe-sample,no,CORREGIDO Y VERIFICADO
gid://shopify/Product/14835714195832,14835714195832,Muestra de Stripe Harmony Verde,https://www.matchwalls.com/pt/products/harmony-green-stripe-amostra,no,CORREGIDO Y VERIFICADO
gid://shopify/Product/14835720651128,14835720651128,Muestra de Tartán Contemporáneo Amarillo,https://www.matchwalls.com/products/muestra-de-tartan-contemporaneo-amarillo,no,CORREGIDO Y VERIFICADO
gid://shopify/Product/14835720651128,14835720651128,Muestra de Tartán Contemporáneo Amarillo,https://www.matchwalls.com/en/products/yellow-contemporary-tartan-sample,no,CORREGIDO Y VERIFICADO
gid://shopify/Product/14835720651128,14835720651128,Muestra de Tartán Contemporáneo Amarillo,https://www.matchwalls.com/fr/products/echantillon-de-tartan-contemporain-jaune,no,CORREGIDO Y VERIFICADO
gid://shopify/Product/14835720651128,14835720651128,Muestra de Tartán Contemporáneo Amarillo,https://www.matchwalls.com/de/products/gelbe-zeitgenossische-tartan-probe,no,CORREGIDO Y VERIFICADO
gid://shopify/Product/14835720651128,14835720651128,Muestra de Tartán Contemporáneo Amarillo,https://www.matchwalls.com/it/products/campione-di-tartan-contemporaneo-giallo,no,CORREGIDO Y VERIFICADO
gid://shopify/Product/14835720651128,14835720651128,Muestra de Tartán Contemporáneo Amarillo,https://www.matchwalls.com/pt/products/amostra-de-tartan-contemporaneo-amarelo,no,CORREGIDO Y VERIFICADO
gid://shopify/Product/14835720814968,14835720814968,Muestra de Tartán Contemporáneo Azul,https://www.matchwalls.com/products/muestra-de-tartan-contemporaneo-azul,no,CORREGIDO Y VERIFICADO
gid://shopify/Product/14835720814968,14835720814968,Muestra de Tartán Contemporáneo Azul,https://www.matchwalls.com/en/products/blue-contemporary-tartan-sample,no,CORREGIDO Y VERIFICADO
gid://shopify/Product/14835720814968,14835720814968,Muestra de Tartán Contemporáneo Azul,https://www.matchwalls.com/fr/products/echantillon-de-tartan-contemporain-bleu,no,CORREGIDO Y VERIFICADO
gid://shopify/Product/14835720814968,14835720814968,Muestra de Tartán Contemporáneo Azul,https://www.matchwalls.com/de/products/blue-contemporary-tartan-probe,no,CORREGIDO Y VERIFICADO
gid://shopify/Product/14835720814968,14835720814968,Muestra de Tartán Contemporáneo Azul,https://www.matchwalls.com/nl/products/blauw-eigentijdse-tartan-sample,no,CORREGIDO Y VERIFICADO
gid://shopify/Product/14835720814968,14835720814968,Muestra de Tartán Contemporáneo Azul,https://www.matchwalls.com/it/products/campione-blu-contemporaneo-tartan,no,CORREGIDO Y VERIFICADO
gid://shopify/Product/14835720814968,14835720814968,Muestra de Tartán Contemporáneo Azul,https://www.matchwalls.com/pt/products/amostra-azul-de-tartan-contemporaneo,no,CORREGIDO Y VERIFICADO
gid://shopify/Product/14835720716664,14835720716664,Muestra de Tartán Contemporáneo Beige,https://www.matchwalls.com/products/muestra-de-tartan-contemporaneo-beige,no,CORREGIDO Y VERIFICADO
gid://shopify/Product/14835720716664,14835720716664,Muestra de Tartán Contemporáneo Beige,https://www.matchwalls.com/en/products/beige-contemporary-tartan-sample,no,CORREGIDO Y VERIFICADO
gid://shopify/Product/14835720716664,14835720716664,Muestra de Tartán Contemporáneo Beige,https://www.matchwalls.com/fr/products/echantillon-de-tartan-contemporain-beige,no,CORREGIDO Y VERIFICADO
gid://shopify/Product/14835720716664,14835720716664,Muestra de Tartán Contemporáneo Beige,https://www.matchwalls.com/de/products/beige-zeitgenossische-tartan-probe,no,CORREGIDO Y VERIFICADO
gid://shopify/Product/14835720716664,14835720716664,Muestra de Tartán Contemporáneo Beige,https://www.matchwalls.com/nl/products/beige-hedendaagse-tartan-sample,no,CORREGIDO Y VERIFICADO
gid://shopify/Product/14835720716664,14835720716664,Muestra de Tartán Contemporáneo Beige,https://www.matchwalls.com/it/products/campione-tartan-contemporaneo-beige,no,CORREGIDO Y VERIFICADO
gid://shopify/Product/14835720716664,14835720716664,Muestra de Tartán Contemporáneo Beige,https://www.matchwalls.com/pt/products/amostra-bege-contemporanea-de-tartan,no,CORREGIDO Y VERIFICADO
gid://shopify/Product/14835720454520,14835720454520,Muestra de Tartán Contemporáneo Gris,https://www.matchwalls.com/products/muestra-de-tartan-contemporaneo-gris,no,CORREGIDO Y VERIFICADO
gid://shopify/Product/14835720454520,14835720454520,Muestra de Tartán Contemporáneo Gris,https://www.matchwalls.com/en/products/gray-contemporary-tartan-sample,no,CORREGIDO Y VERIFICADO
gid://shopify/Product/14835720454520,14835720454520,Muestra de Tartán Contemporáneo Gris,https://www.matchwalls.com/fr/products/echantillon-de-tartan-contemporain-gris,no,CORREGIDO Y VERIFICADO
gid://shopify/Product/14835720454520,14835720454520,Muestra de Tartán Contemporáneo Gris,https://www.matchwalls.com/de/products/graue-zeitgenossische-tartanprobe,no,CORREGIDO Y VERIFICADO
gid://shopify/Product/14835720454520,14835720454520,Muestra de Tartán Contemporáneo Gris,https://www.matchwalls.com/nl/products/grijze-eigentijdse-tartan-sample,no,CORREGIDO Y VERIFICADO
gid://shopify/Product/14835720454520,14835720454520,Muestra de Tartán Contemporáneo Gris,https://www.matchwalls.com/it/products/campione-di-tartan-grigio-contemporaneo,no,CORREGIDO Y VERIFICADO
gid://shopify/Product/14835720454520,14835720454520,Muestra de Tartán Contemporáneo Gris,https://www.matchwalls.com/pt/products/amostra-de-tartan-contemporaneo-cinza,no,CORREGIDO Y VERIFICADO
gid://shopify/Product/14835720913272,14835720913272,Muestra de Tartán Contemporáneo Rosa,https://www.matchwalls.com/products/muestra-de-tartan-contemporaneo-rosa,no,CORREGIDO Y VERIFICADO
gid://shopify/Product/14835720913272,14835720913272,Muestra de Tartán Contemporáneo Rosa,https://www.matchwalls.com/en/products/pink-contemporary-tartan-sample,no,CORREGIDO Y VERIFICADO
gid://shopify/Product/14835720913272,14835720913272,Muestra de Tartán Contemporáneo Rosa,https://www.matchwalls.com/fr/products/echantillon-de-tartan-contemporain-rose,no,CORREGIDO Y VERIFICADO
gid://shopify/Product/14835720913272,14835720913272,Muestra de Tartán Contemporáneo Rosa,https://www.matchwalls.com/de/products/rosa-zeitgenossische-tartan-probe,no,CORREGIDO Y VERIFICADO
gid://shopify/Product/14835720913272,14835720913272,Muestra de Tartán Contemporáneo Rosa,https://www.matchwalls.com/nl/products/roze-eigentijdse-tartan-sample,no,CORREGIDO Y VERIFICADO
gid://shopify/Product/14835720913272,14835720913272,Muestra de Tartán Contemporáneo Rosa,https://www.matchwalls.com/it/products/campione-tartan-contemporaneo-rosa,no,CORREGIDO Y VERIFICADO
gid://shopify/Product/14835720913272,14835720913272,Muestra de Tartán Contemporáneo Rosa,https://www.matchwalls.com/pt/products/amostra-de-tartan-contemporaneo-rosa,no,CORREGIDO Y VERIFICADO
gid://shopify/Product/14835720585592,14835720585592,Muestra de Tartán Contemporáneo Verde,https://www.matchwalls.com/products/muestra-de-tartan-contemporaneo-verde,no,CORREGIDO Y VERIFICADO
gid://shopify/Product/14835720585592,14835720585592,Muestra de Tartán Contemporáneo Verde,https://www.matchwalls.com/en/products/green-contemporary-tartan-sample,no,CORREGIDO Y VERIFICADO
gid://shopify/Product/14835720585592,14835720585592,Muestra de Tartán Contemporáneo Verde,https://www.matchwalls.com/fr/products/echantillon-de-tartan-contemporain-vert,no,CORREGIDO Y VERIFICADO
gid://shopify/Product/14835720585592,14835720585592,Muestra de Tartán Contemporáneo Verde,https://www.matchwalls.com/de/products/grune-zeitgenossische-tartanprobe,no,CORREGIDO Y VERIFICADO
gid://shopify/Product/14835720585592,14835720585592,Muestra de Tartán Contemporáneo Verde,https://www.matchwalls.com/nl/products/groene-eigentijdse-tartan-sample,no,CORREGIDO Y VERIFICADO
gid://shopify/Product/14835720585592,14835720585592,Muestra de Tartán Contemporáneo Verde,https://www.matchwalls.com/it/products/campione-tartan-contemporaneo-verde,no,CORREGIDO Y VERIFICADO
gid://shopify/Product/14835720585592,14835720585592,Muestra de Tartán Contemporáneo Verde,https://www.matchwalls.com/pt/products/amostra-de-tartan-contemporaneo-verde,no,CORREGIDO Y VERIFICADO
